policy_area,issue_number,salience,dateIssued,year_week
Macroeconomics,100,50.0,2015-01-04,2015_1
Civil Rights,200,50.0,2015-01-04,2015_1
Health,300,50.0,2015-01-04,2015_1
Agriculture,400,50.0,2015-01-04,2015_1
Labor,500,50.0,2015-01-04,2015_1
Education,600,50.0,2015-01-04,2015_1
Environment,700,50.0,2015-01-04,2015_1
Energy,800,50.0,2015-01-04,2015_1
Transportation,1000,50.0,2015-01-04,2015_1
Law and Crime,1200,50.0,2015-01-04,2015_1
Social Welfare,1300,50.0,2015-01-04,2015_1
Housing,1400,50.0,2015-01-04,2015_1
Domestic Commerce,1500,50.0,2015-01-04,2015_1
Defense,1600,50.0,2015-01-04,2015_1
Technology,1700,50.0,2015-01-04,2015_1
International Affairs,1900,50.0,2015-01-04,2015_1
Government Operations,2000,50.0,2015-01-04,2015_1
Public Lands,2100,50.0,2015-01-04,2015_1
Macroeconomics,100,50.0,2015-01-11,2015_2
Civil Rights,200,50.0,2015-01-11,2015_2
Health,300,50.0,2015-01-11,2015_2
Agriculture,400,50.0,2015-01-11,2015_2
Labor,500,50.0,2015-01-11,2015_2
Education,600,50.0,2015-01-11,2015_2
Environment,700,50.0,2015-01-11,2015_2
Energy,800,50.0,2015-01-11,2015_2
Transportation,1000,50.0,2015-01-11,2015_2
Law and Crime,1200,50.0,2015-01-11,2015_2
Social Welfare,1300,50.0,2015-01-11,2015_2
Housing,1400,50.0,2015-01-11,2015_2
Domestic Commerce,1500,50.0,2015-01-11,2015_2
Defense,1600,50.0,2015-01-11,2015_2
Technology,1700,50.0,2015-01-11,2015_2
International Affairs,1900,50.0,2015-01-11,2015_2
Government Operations,2000,50.0,2015-01-11,2015_2
Public Lands,2100,50.0,2015-01-11,2015_2
Macroeconomics,100,50.0,2015-01-18,2015_3
Civil Rights,200,50.0,2015-01-18,2015_3
Health,300,50.0,2015-01-18,2015_3
Agriculture,400,50.0,2015-01-18,2015_3
Labor,500,50.0,2015-01-18,2015_3
Education,600,50.0,2015-01-18,2015_3
Environment,700,50.0,2015-01-18,2015_3
Energy,800,50.0,2015-01-18,2015_3
Transportation,1000,50.0,2015-01-18,2015_3
Law and Crime,1200,50.0,2015-01-18,2015_3
Social Welfare,1300,50.0,2015-01-18,2015_3
Housing,1400,50.0,2015-01-18,2015_3
Domestic Commerce,1500,50.0,2015-01-18,2015_3
Defense,1600,50.0,2015-01-18,2015_3
Technology,1700,50.0,2015-01-18,2015_3
International Affairs,1900,50.0,2015-01-18,2015_3
Government Operations,2000,50.0,2015-01-18,2015_3
Public Lands,2100,50.0,2015-01-18,2015_3
Macroeconomics,100,50.0,2015-01-25,2015_4
Civil Rights,200,50.0,2015-01-25,2015_4
Health,300,50.0,2015-01-25,2015_4
Agriculture,400,50.0,2015-01-25,2015_4
Labor,500,50.0,2015-01-25,2015_4
Education,600,50.0,2015-01-25,2015_4
Environment,700,50.0,2015-01-25,2015_4
Energy,800,50.0,2015-01-25,2015_4
Transportation,1000,50.0,2015-01-25,2015_4
Law and Crime,1200,50.0,2015-01-25,2015_4
Social Welfare,1300,50.0,2015-01-25,2015_4
Housing,1400,50.0,2015-01-25,2015_4
Domestic Commerce,1500,50.0,2015-01-25,2015_4
Defense,1600,50.0,2015-01-25,2015_4
Technology,1700,50.0,2015-01-25,2015_4
International Affairs,1900,50.0,2015-01-25,2015_4
Government Operations,2000,50.0,2015-01-25,2015_4
Public Lands,2100,50.0,2015-01-25,2015_4
Macroeconomics,100,50.0,2015-02-01,2015_5
Civil Rights,200,50.0,2015-02-01,2015_5
Health,300,50.0,2015-02-01,2015_5
Agriculture,400,50.0,2015-02-01,2015_5
Labor,500,50.0,2015-02-01,2015_5
Education,600,50.0,2015-02-01,2015_5
Environment,700,50.0,2015-02-01,2015_5
Energy,800,50.0,2015-02-01,2015_5
Transportation,1000,50.0,2015-02-01,2015_5
Law and Crime,1200,50.0,2015-02-01,2015_5
Social Welfare,1300,50.0,2015-02-01,2015_5
Housing,1400,50.0,2015-02-01,2015_5
Domestic Commerce,1500,50.0,2015-02-01,2015_5
Defense,1600,50.0,2015-02-01,2015_5
Technology,1700,50.0,2015-02-01,2015_5
International Affairs,1900,50.0,2015-02-01,2015_5
Government Operations,2000,50.0,2015-02-01,2015_5
Public Lands,2100,50.0,2015-02-01,2015_5
Macroeconomics,100,50.0,2015-02-08,2015_6
Civil Rights,200,50.0,2015-02-08,2015_6
Health,300,50.0,2015-02-08,2015_6
Agriculture,400,50.0,2015-02-08,2015_6
Labor,500,50.0,2015-02-08,2015_6
Education,600,50.0,2015-02-08,2015_6
Environment,700,50.0,2015-02-08,2015_6
Energy,800,50.0,2015-02-08,2015_6
Transportation,1000,50.0,2015-02-08,2015_6
Law and Crime,1200,50.0,2015-02-08,2015_6
Social Welfare,1300,50.0,2015-02-08,2015_6
Housing,1400,50.0,2015-02-08,2015_6
Domestic Commerce,1500,50.0,2015-02-08,2015_6
Defense,1600,50.0,2015-02-08,2015_6
Technology,1700,50.0,2015-02-08,2015_6
International Affairs,1900,50.0,2015-02-08,2015_6
Government Operations,2000,50.0,2015-02-08,2015_6
Public Lands,2100,50.0,2015-02-08,2015_6
Macroeconomics,100,50.0,2015-02-15,2015_7
Civil Rights,200,50.0,2015-02-15,2015_7
Health,300,50.0,2015-02-15,2015_7
Agriculture,400,50.0,2015-02-15,2015_7
Labor,500,50.0,2015-02-15,2015_7
Education,600,50.0,2015-02-15,2015_7
Environment,700,50.0,2015-02-15,2015_7
Energy,800,50.0,2015-02-15,2015_7
Transportation,1000,50.0,2015-02-15,2015_7
Law and Crime,1200,50.0,2015-02-15,2015_7
Social Welfare,1300,50.0,2015-02-15,2015_7
Housing,1400,50.0,2015-02-15,2015_7
Domestic Commerce,1500,50.0,2015-02-15,2015_7
Defense,1600,50.0,2015-02-15,2015_7
Technology,1700,50.0,2015-02-15,2015_7
International Affairs,1900,50.0,2015-02-15,2015_7
Government Operations,2000,50.0,2015-02-15,2015_7
Public Lands,2100,50.0,2015-02-15,2015_7
Macroeconomics,100,50.0,2015-02-22,2015_8
Civil Rights,200,50.0,2015-02-22,2015_8
Health,300,50.0,2015-02-22,2015_8
Agriculture,400,50.0,2015-02-22,2015_8
Labor,500,50.0,2015-02-22,2015_8
Education,600,50.0,2015-02-22,2015_8
Environment,700,50.0,2015-02-22,2015_8
Energy,800,50.0,2015-02-22,2015_8
Transportation,1000,50.0,2015-02-22,2015_8
Law and Crime,1200,50.0,2015-02-22,2015_8
Social Welfare,1300,50.0,2015-02-22,2015_8
Housing,1400,50.0,2015-02-22,2015_8
Domestic Commerce,1500,50.0,2015-02-22,2015_8
Defense,1600,50.0,2015-02-22,2015_8
Technology,1700,50.0,2015-02-22,2015_8
International Affairs,1900,50.0,2015-02-22,2015_8
Government Operations,2000,50.0,2015-02-22,2015_8
Public Lands,2100,50.0,2015-02-22,2015_8
Macroeconomics,100,50.0,2015-03-01,2015_9
Civil Rights,200,50.0,2015-03-01,2015_9
Health,300,50.0,2015-03-01,2015_9
Agriculture,400,50.0,2015-03-01,2015_9
Labor,500,50.0,2015-03-01,2015_9
Education,600,50.0,2015-03-01,2015_9
Environment,700,50.0,2015-03-01,2015_9
Energy,800,50.0,2015-03-01,2015_9
Transportation,1000,50.0,2015-03-01,2015_9
Law and Crime,1200,50.0,2015-03-01,2015_9
Social Welfare,1300,50.0,2015-03-01,2015_9
Housing,1400,50.0,2015-03-01,2015_9
Domestic Commerce,1500,50.0,2015-03-01,2015_9
Defense,1600,50.0,2015-03-01,2015_9
Technology,1700,50.0,2015-03-01,2015_9
International Affairs,1900,50.0,2015-03-01,2015_9
Government Operations,2000,50.0,2015-03-01,2015_9
Public Lands,2100,50.0,2015-03-01,2015_9
Macroeconomics,100,50.0,2015-03-08,2015_10
Civil Rights,200,50.0,2015-03-08,2015_10
Health,300,50.0,2015-03-08,2015_10
Agriculture,400,50.0,2015-03-08,2015_10
Labor,500,50.0,2015-03-08,2015_10
Education,600,50.0,2015-03-08,2015_10
Environment,700,50.0,2015-03-08,2015_10
Energy,800,50.0,2015-03-08,2015_10
Transportation,1000,50.0,2015-03-08,2015_10
Law and Crime,1200,50.0,2015-03-08,2015_10
Social Welfare,1300,50.0,2015-03-08,2015_10
Housing,1400,50.0,2015-03-08,2015_10
Domestic Commerce,1500,50.0,2015-03-08,2015_10
Defense,1600,50.0,2015-03-08,2015_10
Technology,1700,50.0,2015-03-08,2015_10
International Affairs,1900,50.0,2015-03-08,2015_10
Government Operations,2000,50.0,2015-03-08,2015_10
Public Lands,2100,50.0,2015-03-08,2015_10
Macroeconomics,100,50.0,2015-03-15,2015_11
Civil Rights,200,50.0,2015-03-15,2015_11
Health,300,50.0,2015-03-15,2015_11
Agriculture,400,50.0,2015-03-15,2015_11
Labor,500,50.0,2015-03-15,2015_11
Education,600,50.0,2015-03-15,2015_11
Environment,700,50.0,2015-03-15,2015_11
Energy,800,50.0,2015-03-15,2015_11
Transportation,1000,50.0,2015-03-15,2015_11
Law and Crime,1200,50.0,2015-03-15,2015_11
Social Welfare,1300,50.0,2015-03-15,2015_11
Housing,1400,50.0,2015-03-15,2015_11
Domestic Commerce,1500,50.0,2015-03-15,2015_11
Defense,1600,50.0,2015-03-15,2015_11
Technology,1700,50.0,2015-03-15,2015_11
International Affairs,1900,50.0,2015-03-15,2015_11
Government Operations,2000,50.0,2015-03-15,2015_11
Public Lands,2100,50.0,2015-03-15,2015_11
Macroeconomics,100,50.0,2015-03-22,2015_12
Civil Rights,200,50.0,2015-03-22,2015_12
Health,300,50.0,2015-03-22,2015_12
Agriculture,400,50.0,2015-03-22,2015_12
Labor,500,50.0,2015-03-22,2015_12
Education,600,50.0,2015-03-22,2015_12
Environment,700,50.0,2015-03-22,2015_12
Energy,800,50.0,2015-03-22,2015_12
Transportation,1000,50.0,2015-03-22,2015_12
Law and Crime,1200,50.0,2015-03-22,2015_12
Social Welfare,1300,50.0,2015-03-22,2015_12
Housing,1400,50.0,2015-03-22,2015_12
Domestic Commerce,1500,50.0,2015-03-22,2015_12
Defense,1600,50.0,2015-03-22,2015_12
Technology,1700,50.0,2015-03-22,2015_12
International Affairs,1900,50.0,2015-03-22,2015_12
Government Operations,2000,50.0,2015-03-22,2015_12
Public Lands,2100,50.0,2015-03-22,2015_12
Macroeconomics,100,50.0,2015-03-29,2015_13
Civil Rights,200,50.0,2015-03-29,2015_13
Health,300,50.0,2015-03-29,2015_13
Agriculture,400,50.0,2015-03-29,2015_13
Labor,500,50.0,2015-03-29,2015_13
Education,600,50.0,2015-03-29,2015_13
Environment,700,50.0,2015-03-29,2015_13
Energy,800,50.0,2015-03-29,2015_13
Transportation,1000,50.0,2015-03-29,2015_13
Law and Crime,1200,50.0,2015-03-29,2015_13
Social Welfare,1300,50.0,2015-03-29,2015_13
Housing,1400,50.0,2015-03-29,2015_13
Domestic Commerce,1500,50.0,2015-03-29,2015_13
Defense,1600,50.0,2015-03-29,2015_13
Technology,1700,50.0,2015-03-29,2015_13
International Affairs,1900,50.0,2015-03-29,2015_13
Government Operations,2000,50.0,2015-03-29,2015_13
Public Lands,2100,50.0,2015-03-29,2015_13
Macroeconomics,100,50.0,2015-04-05,2015_14
Civil Rights,200,50.0,2015-04-05,2015_14
Health,300,50.0,2015-04-05,2015_14
Agriculture,400,50.0,2015-04-05,2015_14
Labor,500,50.0,2015-04-05,2015_14
Education,600,50.0,2015-04-05,2015_14
Environment,700,50.0,2015-04-05,2015_14
Energy,800,50.0,2015-04-05,2015_14
Transportation,1000,50.0,2015-04-05,2015_14
Law and Crime,1200,50.0,2015-04-05,2015_14
Social Welfare,1300,50.0,2015-04-05,2015_14
Housing,1400,50.0,2015-04-05,2015_14
Domestic Commerce,1500,50.0,2015-04-05,2015_14
Defense,1600,50.0,2015-04-05,2015_14
Technology,1700,50.0,2015-04-05,2015_14
International Affairs,1900,50.0,2015-04-05,2015_14
Government Operations,2000,50.0,2015-04-05,2015_14
Public Lands,2100,50.0,2015-04-05,2015_14
Macroeconomics,100,50.0,2015-04-12,2015_15
Civil Rights,200,50.0,2015-04-12,2015_15
Health,300,50.0,2015-04-12,2015_15
Agriculture,400,50.0,2015-04-12,2015_15
Labor,500,50.0,2015-04-12,2015_15
Education,600,50.0,2015-04-12,2015_15
Environment,700,50.0,2015-04-12,2015_15
Energy,800,50.0,2015-04-12,2015_15
Transportation,1000,50.0,2015-04-12,2015_15
Law and Crime,1200,50.0,2015-04-12,2015_15
Social Welfare,1300,50.0,2015-04-12,2015_15
Housing,1400,50.0,2015-04-12,2015_15
Domestic Commerce,1500,50.0,2015-04-12,2015_15
Defense,1600,50.0,2015-04-12,2015_15
Technology,1700,50.0,2015-04-12,2015_15
International Affairs,1900,50.0,2015-04-12,2015_15
Government Operations,2000,50.0,2015-04-12,2015_15
Public Lands,2100,50.0,2015-04-12,2015_15
Macroeconomics,100,50.0,2015-04-19,2015_16
Civil Rights,200,50.0,2015-04-19,2015_16
Health,300,50.0,2015-04-19,2015_16
Agriculture,400,50.0,2015-04-19,2015_16
Labor,500,50.0,2015-04-19,2015_16
Education,600,50.0,2015-04-19,2015_16
Environment,700,50.0,2015-04-19,2015_16
Energy,800,50.0,2015-04-19,2015_16
Transportation,1000,50.0,2015-04-19,2015_16
Law and Crime,1200,50.0,2015-04-19,2015_16
Social Welfare,1300,50.0,2015-04-19,2015_16
Housing,1400,50.0,2015-04-19,2015_16
Domestic Commerce,1500,50.0,2015-04-19,2015_16
Defense,1600,50.0,2015-04-19,2015_16
Technology,1700,50.0,2015-04-19,2015_16
International Affairs,1900,50.0,2015-04-19,2015_16
Government Operations,2000,50.0,2015-04-19,2015_16
Public Lands,2100,50.0,2015-04-19,2015_16
Macroeconomics,100,50.0,2015-04-26,2015_17
Civil Rights,200,50.0,2015-04-26,2015_17
Health,300,50.0,2015-04-26,2015_17
Agriculture,400,50.0,2015-04-26,2015_17
Labor,500,50.0,2015-04-26,2015_17
Education,600,50.0,2015-04-26,2015_17
Environment,700,50.0,2015-04-26,2015_17
Energy,800,50.0,2015-04-26,2015_17
Transportation,1000,50.0,2015-04-26,2015_17
Law and Crime,1200,50.0,2015-04-26,2015_17
Social Welfare,1300,50.0,2015-04-26,2015_17
Housing,1400,50.0,2015-04-26,2015_17
Domestic Commerce,1500,50.0,2015-04-26,2015_17
Defense,1600,50.0,2015-04-26,2015_17
Technology,1700,50.0,2015-04-26,2015_17
International Affairs,1900,50.0,2015-04-26,2015_17
Government Operations,2000,50.0,2015-04-26,2015_17
Public Lands,2100,50.0,2015-04-26,2015_17
Macroeconomics,100,50.0,2015-05-03,2015_18
Civil Rights,200,50.0,2015-05-03,2015_18
Health,300,50.0,2015-05-03,2015_18
Agriculture,400,50.0,2015-05-03,2015_18
Labor,500,50.0,2015-05-03,2015_18
Education,600,50.0,2015-05-03,2015_18
Environment,700,50.0,2015-05-03,2015_18
Energy,800,50.0,2015-05-03,2015_18
Transportation,1000,50.0,2015-05-03,2015_18
Law and Crime,1200,50.0,2015-05-03,2015_18
Social Welfare,1300,50.0,2015-05-03,2015_18
Housing,1400,50.0,2015-05-03,2015_18
Domestic Commerce,1500,50.0,2015-05-03,2015_18
Defense,1600,50.0,2015-05-03,2015_18
Technology,1700,50.0,2015-05-03,2015_18
International Affairs,1900,50.0,2015-05-03,2015_18
Government Operations,2000,50.0,2015-05-03,2015_18
Public Lands,2100,50.0,2015-05-03,2015_18
Macroeconomics,100,50.0,2015-05-10,2015_19
Civil Rights,200,50.0,2015-05-10,2015_19
Health,300,50.0,2015-05-10,2015_19
Agriculture,400,50.0,2015-05-10,2015_19
Labor,500,50.0,2015-05-10,2015_19
Education,600,50.0,2015-05-10,2015_19
Environment,700,50.0,2015-05-10,2015_19
Energy,800,50.0,2015-05-10,2015_19
Transportation,1000,50.0,2015-05-10,2015_19
Law and Crime,1200,50.0,2015-05-10,2015_19
Social Welfare,1300,50.0,2015-05-10,2015_19
Housing,1400,50.0,2015-05-10,2015_19
Domestic Commerce,1500,50.0,2015-05-10,2015_19
Defense,1600,50.0,2015-05-10,2015_19
Technology,1700,50.0,2015-05-10,2015_19
International Affairs,1900,50.0,2015-05-10,2015_19
Government Operations,2000,50.0,2015-05-10,2015_19
Public Lands,2100,50.0,2015-05-10,2015_19
Macroeconomics,100,50.0,2015-05-17,2015_20
Civil Rights,200,50.0,2015-05-17,2015_20
Health,300,50.0,2015-05-17,2015_20
Agriculture,400,50.0,2015-05-17,2015_20
Labor,500,50.0,2015-05-17,2015_20
Education,600,50.0,2015-05-17,2015_20
Environment,700,50.0,2015-05-17,2015_20
Energy,800,50.0,2015-05-17,2015_20
Transportation,1000,50.0,2015-05-17,2015_20
Law and Crime,1200,50.0,2015-05-17,2015_20
Social Welfare,1300,50.0,2015-05-17,2015_20
Housing,1400,50.0,2015-05-17,2015_20
Domestic Commerce,1500,50.0,2015-05-17,2015_20
Defense,1600,50.0,2015-05-17,2015_20
Technology,1700,50.0,2015-05-17,2015_20
International Affairs,1900,50.0,2015-05-17,2015_20
Government Operations,2000,50.0,2015-05-17,2015_20
Public Lands,2100,50.0,2015-05-17,2015_20
Macroeconomics,100,50.0,2015-05-24,2015_21
Civil Rights,200,50.0,2015-05-24,2015_21
Health,300,50.0,2015-05-24,2015_21
Agriculture,400,50.0,2015-05-24,2015_21
Labor,500,50.0,2015-05-24,2015_21
Education,600,50.0,2015-05-24,2015_21
Environment,700,50.0,2015-05-24,2015_21
Energy,800,50.0,2015-05-24,2015_21
Transportation,1000,50.0,2015-05-24,2015_21
Law and Crime,1200,50.0,2015-05-24,2015_21
Social Welfare,1300,50.0,2015-05-24,2015_21
Housing,1400,50.0,2015-05-24,2015_21
Domestic Commerce,1500,50.0,2015-05-24,2015_21
Defense,1600,50.0,2015-05-24,2015_21
Technology,1700,50.0,2015-05-24,2015_21
International Affairs,1900,50.0,2015-05-24,2015_21
Government Operations,2000,50.0,2015-05-24,2015_21
Public Lands,2100,50.0,2015-05-24,2015_21
Macroeconomics,100,50.0,2015-05-31,2015_22
Civil Rights,200,50.0,2015-05-31,2015_22
Health,300,50.0,2015-05-31,2015_22
Agriculture,400,50.0,2015-05-31,2015_22
Labor,500,50.0,2015-05-31,2015_22
Education,600,50.0,2015-05-31,2015_22
Environment,700,50.0,2015-05-31,2015_22
Energy,800,50.0,2015-05-31,2015_22
Transportation,1000,50.0,2015-05-31,2015_22
Law and Crime,1200,50.0,2015-05-31,2015_22
Social Welfare,1300,50.0,2015-05-31,2015_22
Housing,1400,50.0,2015-05-31,2015_22
Domestic Commerce,1500,50.0,2015-05-31,2015_22
Defense,1600,50.0,2015-05-31,2015_22
Technology,1700,50.0,2015-05-31,2015_22
International Affairs,1900,50.0,2015-05-31,2015_22
Government Operations,2000,50.0,2015-05-31,2015_22
Public Lands,2100,50.0,2015-05-31,2015_22
Macroeconomics,100,50.0,2015-06-07,2015_23
Civil Rights,200,50.0,2015-06-07,2015_23
Health,300,50.0,2015-06-07,2015_23
Agriculture,400,50.0,2015-06-07,2015_23
Labor,500,50.0,2015-06-07,2015_23
Education,600,50.0,2015-06-07,2015_23
Environment,700,50.0,2015-06-07,2015_23
Energy,800,50.0,2015-06-07,2015_23
Transportation,1000,50.0,2015-06-07,2015_23
Law and Crime,1200,50.0,2015-06-07,2015_23
Social Welfare,1300,50.0,2015-06-07,2015_23
Housing,1400,50.0,2015-06-07,2015_23
Domestic Commerce,1500,50.0,2015-06-07,2015_23
Defense,1600,50.0,2015-06-07,2015_23
Technology,1700,50.0,2015-06-07,2015_23
International Affairs,1900,50.0,2015-06-07,2015_23
Government Operations,2000,50.0,2015-06-07,2015_23
Public Lands,2100,50.0,2015-06-07,2015_23
Macroeconomics,100,50.0,2015-06-14,2015_24
Civil Rights,200,50.0,2015-06-14,2015_24
Health,300,50.0,2015-06-14,2015_24
Agriculture,400,50.0,2015-06-14,2015_24
Labor,500,50.0,2015-06-14,2015_24
Education,600,50.0,2015-06-14,2015_24
Environment,700,50.0,2015-06-14,2015_24
Energy,800,50.0,2015-06-14,2015_24
Transportation,1000,50.0,2015-06-14,2015_24
Law and Crime,1200,50.0,2015-06-14,2015_24
Social Welfare,1300,50.0,2015-06-14,2015_24
Housing,1400,50.0,2015-06-14,2015_24
Domestic Commerce,1500,50.0,2015-06-14,2015_24
Defense,1600,50.0,2015-06-14,2015_24
Technology,1700,50.0,2015-06-14,2015_24
International Affairs,1900,50.0,2015-06-14,2015_24
Government Operations,2000,50.0,2015-06-14,2015_24
Public Lands,2100,50.0,2015-06-14,2015_24
Macroeconomics,100,50.0,2015-06-21,2015_25
Civil Rights,200,50.0,2015-06-21,2015_25
Health,300,50.0,2015-06-21,2015_25
Agriculture,400,50.0,2015-06-21,2015_25
Labor,500,50.0,2015-06-21,2015_25
Education,600,50.0,2015-06-21,2015_25
Environment,700,50.0,2015-06-21,2015_25
Energy,800,50.0,2015-06-21,2015_25
Transportation,1000,50.0,2015-06-21,2015_25
Law and Crime,1200,50.0,2015-06-21,2015_25
Social Welfare,1300,50.0,2015-06-21,2015_25
Housing,1400,50.0,2015-06-21,2015_25
Domestic Commerce,1500,50.0,2015-06-21,2015_25
Defense,1600,50.0,2015-06-21,2015_25
Technology,1700,50.0,2015-06-21,2015_25
International Affairs,1900,50.0,2015-06-21,2015_25
Government Operations,2000,50.0,2015-06-21,2015_25
Public Lands,2100,50.0,2015-06-21,2015_25
Macroeconomics,100,50.0,2015-06-28,2015_26
Civil Rights,200,50.0,2015-06-28,2015_26
Health,300,50.0,2015-06-28,2015_26
Agriculture,400,50.0,2015-06-28,2015_26
Labor,500,50.0,2015-06-28,2015_26
Education,600,50.0,2015-06-28,2015_26
Environment,700,50.0,2015-06-28,2015_26
Energy,800,50.0,2015-06-28,2015_26
Transportation,1000,50.0,2015-06-28,2015_26
Law and Crime,1200,50.0,2015-06-28,2015_26
Social Welfare,1300,50.0,2015-06-28,2015_26
Housing,1400,50.0,2015-06-28,2015_26
Domestic Commerce,1500,50.0,2015-06-28,2015_26
Defense,1600,50.0,2015-06-28,2015_26
Technology,1700,50.0,2015-06-28,2015_26
International Affairs,1900,50.0,2015-06-28,2015_26
Government Operations,2000,50.0,2015-06-28,2015_26
Public Lands,2100,50.0,2015-06-28,2015_26
Macroeconomics,100,50.0,2015-07-05,2015_27
Civil Rights,200,50.0,2015-07-05,2015_27
Health,300,50.0,2015-07-05,2015_27
Agriculture,400,50.0,2015-07-05,2015_27
Labor,500,50.0,2015-07-05,2015_27
Education,600,50.0,2015-07-05,2015_27
Environment,700,50.0,2015-07-05,2015_27
Energy,800,50.0,2015-07-05,2015_27
Transportation,1000,50.0,2015-07-05,2015_27
Law and Crime,1200,50.0,2015-07-05,2015_27
Social Welfare,1300,50.0,2015-07-05,2015_27
Housing,1400,50.0,2015-07-05,2015_27
Domestic Commerce,1500,50.0,2015-07-05,2015_27
Defense,1600,50.0,2015-07-05,2015_27
Technology,1700,50.0,2015-07-05,2015_27
International Affairs,1900,50.0,2015-07-05,2015_27
Government Operations,2000,50.0,2015-07-05,2015_27
Public Lands,2100,50.0,2015-07-05,2015_27
Macroeconomics,100,50.0,2015-07-12,2015_28
Civil Rights,200,50.0,2015-07-12,2015_28
Health,300,50.0,2015-07-12,2015_28
Agriculture,400,50.0,2015-07-12,2015_28
Labor,500,50.0,2015-07-12,2015_28
Education,600,50.0,2015-07-12,2015_28
Environment,700,50.0,2015-07-12,2015_28
Energy,800,50.0,2015-07-12,2015_28
Transportation,1000,50.0,2015-07-12,2015_28
Law and Crime,1200,50.0,2015-07-12,2015_28
Social Welfare,1300,50.0,2015-07-12,2015_28
Housing,1400,50.0,2015-07-12,2015_28
Domestic Commerce,1500,50.0,2015-07-12,2015_28
Defense,1600,50.0,2015-07-12,2015_28
Technology,1700,50.0,2015-07-12,2015_28
International Affairs,1900,50.0,2015-07-12,2015_28
Government Operations,2000,50.0,2015-07-12,2015_28
Public Lands,2100,50.0,2015-07-12,2015_28
Macroeconomics,100,50.0,2015-07-19,2015_29
Civil Rights,200,50.0,2015-07-19,2015_29
Health,300,50.0,2015-07-19,2015_29
Agriculture,400,50.0,2015-07-19,2015_29
Labor,500,50.0,2015-07-19,2015_29
Education,600,50.0,2015-07-19,2015_29
Environment,700,50.0,2015-07-19,2015_29
Energy,800,50.0,2015-07-19,2015_29
Transportation,1000,50.0,2015-07-19,2015_29
Law and Crime,1200,50.0,2015-07-19,2015_29
Social Welfare,1300,50.0,2015-07-19,2015_29
Housing,1400,50.0,2015-07-19,2015_29
Domestic Commerce,1500,50.0,2015-07-19,2015_29
Defense,1600,50.0,2015-07-19,2015_29
Technology,1700,50.0,2015-07-19,2015_29
International Affairs,1900,50.0,2015-07-19,2015_29
Government Operations,2000,50.0,2015-07-19,2015_29
Public Lands,2100,50.0,2015-07-19,2015_29
Macroeconomics,100,50.0,2015-07-26,2015_30
Civil Rights,200,50.0,2015-07-26,2015_30
Health,300,50.0,2015-07-26,2015_30
Agriculture,400,50.0,2015-07-26,2015_30
Labor,500,50.0,2015-07-26,2015_30
Education,600,50.0,2015-07-26,2015_30
Environment,700,50.0,2015-07-26,2015_30
Energy,800,50.0,2015-07-26,2015_30
Transportation,1000,50.0,2015-07-26,2015_30
Law and Crime,1200,50.0,2015-07-26,2015_30
Social Welfare,1300,50.0,2015-07-26,2015_30
Housing,1400,50.0,2015-07-26,2015_30
Domestic Commerce,1500,50.0,2015-07-26,2015_30
Defense,1600,50.0,2015-07-26,2015_30
Technology,1700,50.0,2015-07-26,2015_30
International Affairs,1900,50.0,2015-07-26,2015_30
Government Operations,2000,50.0,2015-07-26,2015_30
Public Lands,2100,50.0,2015-07-26,2015_30
Macroeconomics,100,50.0,2015-08-02,2015_31
Civil Rights,200,50.0,2015-08-02,2015_31
Health,300,50.0,2015-08-02,2015_31
Agriculture,400,50.0,2015-08-02,2015_31
Labor,500,50.0,2015-08-02,2015_31
Education,600,50.0,2015-08-02,2015_31
Environment,700,50.0,2015-08-02,2015_31
Energy,800,50.0,2015-08-02,2015_31
Transportation,1000,50.0,2015-08-02,2015_31
Law and Crime,1200,50.0,2015-08-02,2015_31
Social Welfare,1300,50.0,2015-08-02,2015_31
Housing,1400,50.0,2015-08-02,2015_31
Domestic Commerce,1500,50.0,2015-08-02,2015_31
Defense,1600,50.0,2015-08-02,2015_31
Technology,1700,50.0,2015-08-02,2015_31
International Affairs,1900,50.0,2015-08-02,2015_31
Government Operations,2000,50.0,2015-08-02,2015_31
Public Lands,2100,50.0,2015-08-02,2015_31
Macroeconomics,100,50.0,2015-08-09,2015_32
Civil Rights,200,50.0,2015-08-09,2015_32
Health,300,50.0,2015-08-09,2015_32
Agriculture,400,50.0,2015-08-09,2015_32
Labor,500,50.0,2015-08-09,2015_32
Education,600,50.0,2015-08-09,2015_32
Environment,700,50.0,2015-08-09,2015_32
Energy,800,50.0,2015-08-09,2015_32
Transportation,1000,50.0,2015-08-09,2015_32
Law and Crime,1200,50.0,2015-08-09,2015_32
Social Welfare,1300,50.0,2015-08-09,2015_32
Housing,1400,50.0,2015-08-09,2015_32
Domestic Commerce,1500,50.0,2015-08-09,2015_32
Defense,1600,50.0,2015-08-09,2015_32
Technology,1700,50.0,2015-08-09,2015_32
International Affairs,1900,50.0,2015-08-09,2015_32
Government Operations,2000,50.0,2015-08-09,2015_32
Public Lands,2100,50.0,2015-08-09,2015_32
Macroeconomics,100,50.0,2015-08-16,2015_33
Civil Rights,200,50.0,2015-08-16,2015_33
Health,300,50.0,2015-08-16,2015_33
Agriculture,400,50.0,2015-08-16,2015_33
Labor,500,50.0,2015-08-16,2015_33
Education,600,50.0,2015-08-16,2015_33
Environment,700,50.0,2015-08-16,2015_33
Energy,800,50.0,2015-08-16,2015_33
Transportation,1000,50.0,2015-08-16,2015_33
Law and Crime,1200,50.0,2015-08-16,2015_33
Social Welfare,1300,50.0,2015-08-16,2015_33
Housing,1400,50.0,2015-08-16,2015_33
Domestic Commerce,1500,50.0,2015-08-16,2015_33
Defense,1600,50.0,2015-08-16,2015_33
Technology,1700,50.0,2015-08-16,2015_33
International Affairs,1900,50.0,2015-08-16,2015_33
Government Operations,2000,50.0,2015-08-16,2015_33
Public Lands,2100,50.0,2015-08-16,2015_33
Macroeconomics,100,50.0,2015-08-23,2015_34
Civil Rights,200,50.0,2015-08-23,2015_34
Health,300,50.0,2015-08-23,2015_34
Agriculture,400,50.0,2015-08-23,2015_34
Labor,500,50.0,2015-08-23,2015_34
Education,600,50.0,2015-08-23,2015_34
Environment,700,50.0,2015-08-23,2015_34
Energy,800,50.0,2015-08-23,2015_34
Transportation,1000,50.0,2015-08-23,2015_34
Law and Crime,1200,50.0,2015-08-23,2015_34
Social Welfare,1300,50.0,2015-08-23,2015_34
Housing,1400,50.0,2015-08-23,2015_34
Domestic Commerce,1500,50.0,2015-08-23,2015_34
Defense,1600,50.0,2015-08-23,2015_34
Technology,1700,50.0,2015-08-23,2015_34
International Affairs,1900,50.0,2015-08-23,2015_34
Government Operations,2000,50.0,2015-08-23,2015_34
Public Lands,2100,50.0,2015-08-23,2015_34
Macroeconomics,100,50.0,2015-08-30,2015_35
Civil Rights,200,50.0,2015-08-30,2015_35
Health,300,50.0,2015-08-30,2015_35
Agriculture,400,50.0,2015-08-30,2015_35
Labor,500,50.0,2015-08-30,2015_35
Education,600,50.0,2015-08-30,2015_35
Environment,700,50.0,2015-08-30,2015_35
Energy,800,50.0,2015-08-30,2015_35
Transportation,1000,50.0,2015-08-30,2015_35
Law and Crime,1200,50.0,2015-08-30,2015_35
Social Welfare,1300,50.0,2015-08-30,2015_35
Housing,1400,50.0,2015-08-30,2015_35
Domestic Commerce,1500,50.0,2015-08-30,2015_35
Defense,1600,50.0,2015-08-30,2015_35
Technology,1700,50.0,2015-08-30,2015_35
International Affairs,1900,50.0,2015-08-30,2015_35
Government Operations,2000,50.0,2015-08-30,2015_35
Public Lands,2100,50.0,2015-08-30,2015_35
Macroeconomics,100,50.0,2015-09-06,2015_36
Civil Rights,200,50.0,2015-09-06,2015_36
Health,300,50.0,2015-09-06,2015_36
Agriculture,400,50.0,2015-09-06,2015_36
Labor,500,50.0,2015-09-06,2015_36
Education,600,50.0,2015-09-06,2015_36
Environment,700,50.0,2015-09-06,2015_36
Energy,800,50.0,2015-09-06,2015_36
Transportation,1000,50.0,2015-09-06,2015_36
Law and Crime,1200,50.0,2015-09-06,2015_36
Social Welfare,1300,50.0,2015-09-06,2015_36
Housing,1400,50.0,2015-09-06,2015_36
Domestic Commerce,1500,50.0,2015-09-06,2015_36
Defense,1600,50.0,2015-09-06,2015_36
Technology,1700,50.0,2015-09-06,2015_36
International Affairs,1900,50.0,2015-09-06,2015_36
Government Operations,2000,50.0,2015-09-06,2015_36
Public Lands,2100,50.0,2015-09-06,2015_36
Macroeconomics,100,50.0,2015-09-13,2015_37
Civil Rights,200,50.0,2015-09-13,2015_37
Health,300,50.0,2015-09-13,2015_37
Agriculture,400,50.0,2015-09-13,2015_37
Labor,500,50.0,2015-09-13,2015_37
Education,600,50.0,2015-09-13,2015_37
Environment,700,50.0,2015-09-13,2015_37
Energy,800,50.0,2015-09-13,2015_37
Transportation,1000,50.0,2015-09-13,2015_37
Law and Crime,1200,50.0,2015-09-13,2015_37
Social Welfare,1300,50.0,2015-09-13,2015_37
Housing,1400,50.0,2015-09-13,2015_37
Domestic Commerce,1500,50.0,2015-09-13,2015_37
Defense,1600,50.0,2015-09-13,2015_37
Technology,1700,50.0,2015-09-13,2015_37
International Affairs,1900,50.0,2015-09-13,2015_37
Government Operations,2000,50.0,2015-09-13,2015_37
Public Lands,2100,50.0,2015-09-13,2015_37
Macroeconomics,100,50.0,2015-09-20,2015_38
Civil Rights,200,50.0,2015-09-20,2015_38
Health,300,50.0,2015-09-20,2015_38
Agriculture,400,50.0,2015-09-20,2015_38
Labor,500,50.0,2015-09-20,2015_38
Education,600,50.0,2015-09-20,2015_38
Environment,700,50.0,2015-09-20,2015_38
Energy,800,50.0,2015-09-20,2015_38
Transportation,1000,50.0,2015-09-20,2015_38
Law and Crime,1200,50.0,2015-09-20,2015_38
Social Welfare,1300,50.0,2015-09-20,2015_38
Housing,1400,50.0,2015-09-20,2015_38
Domestic Commerce,1500,50.0,2015-09-20,2015_38
Defense,1600,50.0,2015-09-20,2015_38
Technology,1700,50.0,2015-09-20,2015_38
International Affairs,1900,50.0,2015-09-20,2015_38
Government Operations,2000,50.0,2015-09-20,2015_38
Public Lands,2100,50.0,2015-09-20,2015_38
Macroeconomics,100,50.0,2015-09-27,2015_39
Civil Rights,200,50.0,2015-09-27,2015_39
Health,300,50.0,2015-09-27,2015_39
Agriculture,400,50.0,2015-09-27,2015_39
Labor,500,50.0,2015-09-27,2015_39
Education,600,50.0,2015-09-27,2015_39
Environment,700,50.0,2015-09-27,2015_39
Energy,800,50.0,2015-09-27,2015_39
Transportation,1000,50.0,2015-09-27,2015_39
Law and Crime,1200,50.0,2015-09-27,2015_39
Social Welfare,1300,50.0,2015-09-27,2015_39
Housing,1400,50.0,2015-09-27,2015_39
Domestic Commerce,1500,50.0,2015-09-27,2015_39
Defense,1600,50.0,2015-09-27,2015_39
Technology,1700,50.0,2015-09-27,2015_39
International Affairs,1900,50.0,2015-09-27,2015_39
Government Operations,2000,50.0,2015-09-27,2015_39
Public Lands,2100,50.0,2015-09-27,2015_39
Macroeconomics,100,50.0,2015-10-04,2015_40
Civil Rights,200,50.0,2015-10-04,2015_40
Health,300,50.0,2015-10-04,2015_40
Agriculture,400,50.0,2015-10-04,2015_40
Labor,500,50.0,2015-10-04,2015_40
Education,600,50.0,2015-10-04,2015_40
Environment,700,50.0,2015-10-04,2015_40
Energy,800,50.0,2015-10-04,2015_40
Transportation,1000,50.0,2015-10-04,2015_40
Law and Crime,1200,50.0,2015-10-04,2015_40
Social Welfare,1300,50.0,2015-10-04,2015_40
Housing,1400,50.0,2015-10-04,2015_40
Domestic Commerce,1500,50.0,2015-10-04,2015_40
Defense,1600,50.0,2015-10-04,2015_40
Technology,1700,50.0,2015-10-04,2015_40
International Affairs,1900,50.0,2015-10-04,2015_40
Government Operations,2000,50.0,2015-10-04,2015_40
Public Lands,2100,50.0,2015-10-04,2015_40
Macroeconomics,100,50.0,2015-10-11,2015_41
Civil Rights,200,50.0,2015-10-11,2015_41
Health,300,50.0,2015-10-11,2015_41
Agriculture,400,50.0,2015-10-11,2015_41
Labor,500,50.0,2015-10-11,2015_41
Education,600,50.0,2015-10-11,2015_41
Environment,700,50.0,2015-10-11,2015_41
Energy,800,50.0,2015-10-11,2015_41
Transportation,1000,50.0,2015-10-11,2015_41
Law and Crime,1200,50.0,2015-10-11,2015_41
Social Welfare,1300,50.0,2015-10-11,2015_41
Housing,1400,50.0,2015-10-11,2015_41
Domestic Commerce,1500,50.0,2015-10-11,2015_41
Defense,1600,50.0,2015-10-11,2015_41
Technology,1700,50.0,2015-10-11,2015_41
International Affairs,1900,50.0,2015-10-11,2015_41
Government Operations,2000,50.0,2015-10-11,2015_41
Public Lands,2100,50.0,2015-10-11,2015_41
Macroeconomics,100,50.0,2015-10-18,2015_42
Civil Rights,200,50.0,2015-10-18,2015_42
Health,300,50.0,2015-10-18,2015_42
Agriculture,400,50.0,2015-10-18,2015_42
Labor,500,50.0,2015-10-18,2015_42
Education,600,50.0,2015-10-18,2015_42
Environment,700,50.0,2015-10-18,2015_42
Energy,800,50.0,2015-10-18,2015_42
Transportation,1000,50.0,2015-10-18,2015_42
Law and Crime,1200,50.0,2015-10-18,2015_42
Social Welfare,1300,50.0,2015-10-18,2015_42
Housing,1400,50.0,2015-10-18,2015_42
Domestic Commerce,1500,50.0,2015-10-18,2015_42
Defense,1600,50.0,2015-10-18,2015_42
Technology,1700,50.0,2015-10-18,2015_42
International Affairs,1900,50.0,2015-10-18,2015_42
Government Operations,2000,50.0,2015-10-18,2015_42
Public Lands,2100,50.0,2015-10-18,2015_42
Macroeconomics,100,50.0,2015-10-25,2015_43
Civil Rights,200,50.0,2015-10-25,2015_43
Health,300,50.0,2015-10-25,2015_43
Agriculture,400,50.0,2015-10-25,2015_43
Labor,500,50.0,2015-10-25,2015_43
Education,600,50.0,2015-10-25,2015_43
Environment,700,50.0,2015-10-25,2015_43
Energy,800,50.0,2015-10-25,2015_43
Transportation,1000,50.0,2015-10-25,2015_43
Law and Crime,1200,50.0,2015-10-25,2015_43
Social Welfare,1300,50.0,2015-10-25,2015_43
Housing,1400,50.0,2015-10-25,2015_43
Domestic Commerce,1500,50.0,2015-10-25,2015_43
Defense,1600,50.0,2015-10-25,2015_43
Technology,1700,50.0,2015-10-25,2015_43
International Affairs,1900,50.0,2015-10-25,2015_43
Government Operations,2000,50.0,2015-10-25,2015_43
Public Lands,2100,50.0,2015-10-25,2015_43
Macroeconomics,100,50.0,2015-11-01,2015_44
Civil Rights,200,50.0,2015-11-01,2015_44
Health,300,50.0,2015-11-01,2015_44
Agriculture,400,50.0,2015-11-01,2015_44
Labor,500,50.0,2015-11-01,2015_44
Education,600,50.0,2015-11-01,2015_44
Environment,700,50.0,2015-11-01,2015_44
Energy,800,50.0,2015-11-01,2015_44
Transportation,1000,50.0,2015-11-01,2015_44
Law and Crime,1200,50.0,2015-11-01,2015_44
Social Welfare,1300,50.0,2015-11-01,2015_44
Housing,1400,50.0,2015-11-01,2015_44
Domestic Commerce,1500,50.0,2015-11-01,2015_44
Defense,1600,50.0,2015-11-01,2015_44
Technology,1700,50.0,2015-11-01,2015_44
International Affairs,1900,50.0,2015-11-01,2015_44
Government Operations,2000,50.0,2015-11-01,2015_44
Public Lands,2100,50.0,2015-11-01,2015_44
Macroeconomics,100,50.0,2015-11-08,2015_45
Civil Rights,200,50.0,2015-11-08,2015_45
Health,300,50.0,2015-11-08,2015_45
Agriculture,400,50.0,2015-11-08,2015_45
Labor,500,50.0,2015-11-08,2015_45
Education,600,50.0,2015-11-08,2015_45
Environment,700,50.0,2015-11-08,2015_45
Energy,800,50.0,2015-11-08,2015_45
Transportation,1000,50.0,2015-11-08,2015_45
Law and Crime,1200,50.0,2015-11-08,2015_45
Social Welfare,1300,50.0,2015-11-08,2015_45
Housing,1400,50.0,2015-11-08,2015_45
Domestic Commerce,1500,50.0,2015-11-08,2015_45
Defense,1600,50.0,2015-11-08,2015_45
Technology,1700,50.0,2015-11-08,2015_45
International Affairs,1900,50.0,2015-11-08,2015_45
Government Operations,2000,50.0,2015-11-08,2015_45
Public Lands,2100,50.0,2015-11-08,2015_45
Macroeconomics,100,50.0,2015-11-15,2015_46
Civil Rights,200,50.0,2015-11-15,2015_46
Health,300,50.0,2015-11-15,2015_46
Agriculture,400,50.0,2015-11-15,2015_46
Labor,500,50.0,2015-11-15,2015_46
Education,600,50.0,2015-11-15,2015_46
Environment,700,50.0,2015-11-15,2015_46
Energy,800,50.0,2015-11-15,2015_46
Transportation,1000,50.0,2015-11-15,2015_46
Law and Crime,1200,50.0,2015-11-15,2015_46
Social Welfare,1300,50.0,2015-11-15,2015_46
Housing,1400,50.0,2015-11-15,2015_46
Domestic Commerce,1500,50.0,2015-11-15,2015_46
Defense,1600,50.0,2015-11-15,2015_46
Technology,1700,50.0,2015-11-15,2015_46
International Affairs,1900,50.0,2015-11-15,2015_46
Government Operations,2000,50.0,2015-11-15,2015_46
Public Lands,2100,50.0,2015-11-15,2015_46
Macroeconomics,100,50.0,2015-11-22,2015_47
Civil Rights,200,50.0,2015-11-22,2015_47
Health,300,50.0,2015-11-22,2015_47
Agriculture,400,50.0,2015-11-22,2015_47
Labor,500,50.0,2015-11-22,2015_47
Education,600,50.0,2015-11-22,2015_47
Environment,700,50.0,2015-11-22,2015_47
Energy,800,50.0,2015-11-22,2015_47
Transportation,1000,50.0,2015-11-22,2015_47
Law and Crime,1200,50.0,2015-11-22,2015_47
Social Welfare,1300,50.0,2015-11-22,2015_47
Housing,1400,50.0,2015-11-22,2015_47
Domestic Commerce,1500,50.0,2015-11-22,2015_47
Defense,1600,50.0,2015-11-22,2015_47
Technology,1700,50.0,2015-11-22,2015_47
International Affairs,1900,50.0,2015-11-22,2015_47
Government Operations,2000,50.0,2015-11-22,2015_47
Public Lands,2100,50.0,2015-11-22,2015_47
Macroeconomics,100,50.0,2015-11-29,2015_48
Civil Rights,200,50.0,2015-11-29,2015_48
Health,300,50.0,2015-11-29,2015_48
Agriculture,400,50.0,2015-11-29,2015_48
Labor,500,50.0,2015-11-29,2015_48
Education,600,50.0,2015-11-29,2015_48
Environment,700,50.0,2015-11-29,2015_48
Energy,800,50.0,2015-11-29,2015_48
Transportation,1000,50.0,2015-11-29,2015_48
Law and Crime,1200,50.0,2015-11-29,2015_48
Social Welfare,1300,50.0,2015-11-29,2015_48
Housing,1400,50.0,2015-11-29,2015_48
Domestic Commerce,1500,50.0,2015-11-29,2015_48
Defense,1600,50.0,2015-11-29,2015_48
Technology,1700,50.0,2015-11-29,2015_48
International Affairs,1900,50.0,2015-11-29,2015_48
Government Operations,2000,50.0,2015-11-29,2015_48
Public Lands,2100,50.0,2015-11-29,2015_48
Macroeconomics,100,50.0,2015-12-06,2015_49
Civil Rights,200,50.0,2015-12-06,2015_49
Health,300,50.0,2015-12-06,2015_49
Agriculture,400,50.0,2015-12-06,2015_49
Labor,500,50.0,2015-12-06,2015_49
Education,600,50.0,2015-12-06,2015_49
Environment,700,50.0,2015-12-06,2015_49
Energy,800,50.0,2015-12-06,2015_49
Transportation,1000,50.0,2015-12-06,2015_49
Law and Crime,1200,50.0,2015-12-06,2015_49
Social Welfare,1300,50.0,2015-12-06,2015_49
Housing,1400,50.0,2015-12-06,2015_49
Domestic Commerce,1500,50.0,2015-12-06,2015_49
Defense,1600,50.0,2015-12-06,2015_49
Technology,1700,50.0,2015-12-06,2015_49
International Affairs,1900,50.0,2015-12-06,2015_49
Government Operations,2000,50.0,2015-12-06,2015_49
Public Lands,2100,50.0,2015-12-06,2015_49
Macroeconomics,100,50.0,2015-12-13,2015_50
Civil Rights,200,50.0,2015-12-13,2015_50
Health,300,50.0,2015-12-13,2015_50
Agriculture,400,50.0,2015-12-13,2015_50
Labor,500,50.0,2015-12-13,2015_50
Education,600,50.0,2015-12-13,2015_50
Environment,700,50.0,2015-12-13,2015_50
Energy,800,50.0,2015-12-13,2015_50
Transportation,1000,50.0,2015-12-13,2015_50
Law and Crime,1200,50.0,2015-12-13,2015_50
Social Welfare,1300,50.0,2015-12-13,2015_50
Housing,1400,50.0,2015-12-13,2015_50
Domestic Commerce,1500,50.0,2015-12-13,2015_50
Defense,1600,50.0,2015-12-13,2015_50
Technology,1700,50.0,2015-12-13,2015_50
International Affairs,1900,50.0,2015-12-13,2015_50
Government Operations,2000,50.0,2015-12-13,2015_50
Public Lands,2100,50.0,2015-12-13,2015_50
Macroeconomics,100,50.0,2015-12-20,2015_51
Civil Rights,200,50.0,2015-12-20,2015_51
Health,300,50.0,2015-12-20,2015_51
Agriculture,400,50.0,2015-12-20,2015_51
Labor,500,50.0,2015-12-20,2015_51
Education,600,50.0,2015-12-20,2015_51
Environment,700,50.0,2015-12-20,2015_51
Energy,800,50.0,2015-12-20,2015_51
Transportation,1000,50.0,2015-12-20,2015_51
Law and Crime,1200,50.0,2015-12-20,2015_51
Social Welfare,1300,50.0,2015-12-20,2015_51
Housing,1400,50.0,2015-12-20,2015_51
Domestic Commerce,1500,50.0,2015-12-20,2015_51
Defense,1600,50.0,2015-12-20,2015_51
Technology,1700,50.0,2015-12-20,2015_51
International Affairs,1900,50.0,2015-12-20,2015_51
Government Operations,2000,50.0,2015-12-20,2015_51
Public Lands,2100,50.0,2015-12-20,2015_51
Macroeconomics,100,50.0,2015-12-27,2015_52
Civil Rights,200,50.0,2015-12-27,2015_52
Health,300,50.0,2015-12-27,2015_52
Agriculture,400,50.0,2015-12-27,2015_52
Labor,500,50.0,2015-12-27,2015_52
Education,600,50.0,2015-12-27,2015_52
Environment,700,50.0,2015-12-27,2015_52
Energy,800,50.0,2015-12-27,2015_52
Transportation,1000,50.0,2015-12-27,2015_52
Law and Crime,1200,50.0,2015-12-27,2015_52
Social Welfare,1300,50.0,2015-12-27,2015_52
Housing,1400,50.0,2015-12-27,2015_52
Domestic Commerce,1500,50.0,2015-12-27,2015_52
Defense,1600,50.0,2015-12-27,2015_52
Technology,1700,50.0,2015-12-27,2015_52
International Affairs,1900,50.0,2015-12-27,2015_52
Government Operations,2000,50.0,2015-12-27,2015_52
Public Lands,2100,50.0,2015-12-27,2015_52
Macroeconomics,100,50.0,2016-01-03,2016_53
Civil Rights,200,50.0,2016-01-03,2016_53
Health,300,50.0,2016-01-03,2016_53
Agriculture,400,50.0,2016-01-03,2016_53
Labor,500,50.0,2016-01-03,2016_53
Education,600,50.0,2016-01-03,2016_53
Environment,700,50.0,2016-01-03,2016_53
Energy,800,50.0,2016-01-03,2016_53
Transportation,1000,50.0,2016-01-03,2016_53
Law and Crime,1200,50.0,2016-01-03,2016_53
Social Welfare,1300,50.0,2016-01-03,2016_53
Housing,1400,50.0,2016-01-03,2016_53
Domestic Commerce,1500,50.0,2016-01-03,2016_53
Defense,1600,50.0,2016-01-03,2016_53
Technology,1700,50.0,2016-01-03,2016_53
International Affairs,1900,50.0,2016-01-03,2016_53
Government Operations,2000,50.0,2016-01-03,2016_53
Public Lands,2100,50.0,2016-01-03,2016_53
Macroeconomics,100,50.0,2016-01-10,2016_1
Civil Rights,200,50.0,2016-01-10,2016_1
Health,300,50.0,2016-01-10,2016_1
Agriculture,400,50.0,2016-01-10,2016_1
Labor,500,50.0,2016-01-10,2016_1
Education,600,50.0,2016-01-10,2016_1
Environment,700,50.0,2016-01-10,2016_1
Energy,800,50.0,2016-01-10,2016_1
Transportation,1000,50.0,2016-01-10,2016_1
Law and Crime,1200,50.0,2016-01-10,2016_1
Social Welfare,1300,50.0,2016-01-10,2016_1
Housing,1400,50.0,2016-01-10,2016_1
Domestic Commerce,1500,50.0,2016-01-10,2016_1
Defense,1600,50.0,2016-01-10,2016_1
Technology,1700,50.0,2016-01-10,2016_1
International Affairs,1900,50.0,2016-01-10,2016_1
Government Operations,2000,50.0,2016-01-10,2016_1
Public Lands,2100,50.0,2016-01-10,2016_1
Macroeconomics,100,50.0,2016-01-17,2016_2
Civil Rights,200,50.0,2016-01-17,2016_2
Health,300,50.0,2016-01-17,2016_2
Agriculture,400,50.0,2016-01-17,2016_2
Labor,500,50.0,2016-01-17,2016_2
Education,600,50.0,2016-01-17,2016_2
Environment,700,50.0,2016-01-17,2016_2
Energy,800,50.0,2016-01-17,2016_2
Transportation,1000,50.0,2016-01-17,2016_2
Law and Crime,1200,50.0,2016-01-17,2016_2
Social Welfare,1300,50.0,2016-01-17,2016_2
Housing,1400,50.0,2016-01-17,2016_2
Domestic Commerce,1500,50.0,2016-01-17,2016_2
Defense,1600,50.0,2016-01-17,2016_2
Technology,1700,50.0,2016-01-17,2016_2
International Affairs,1900,50.0,2016-01-17,2016_2
Government Operations,2000,50.0,2016-01-17,2016_2
Public Lands,2100,50.0,2016-01-17,2016_2
Macroeconomics,100,50.0,2016-01-24,2016_3
Civil Rights,200,50.0,2016-01-24,2016_3
Health,300,50.0,2016-01-24,2016_3
Agriculture,400,50.0,2016-01-24,2016_3
Labor,500,50.0,2016-01-24,2016_3
Education,600,50.0,2016-01-24,2016_3
Environment,700,50.0,2016-01-24,2016_3
Energy,800,50.0,2016-01-24,2016_3
Transportation,1000,50.0,2016-01-24,2016_3
Law and Crime,1200,50.0,2016-01-24,2016_3
Social Welfare,1300,50.0,2016-01-24,2016_3
Housing,1400,50.0,2016-01-24,2016_3
Domestic Commerce,1500,50.0,2016-01-24,2016_3
Defense,1600,50.0,2016-01-24,2016_3
Technology,1700,50.0,2016-01-24,2016_3
International Affairs,1900,50.0,2016-01-24,2016_3
Government Operations,2000,50.0,2016-01-24,2016_3
Public Lands,2100,50.0,2016-01-24,2016_3
Macroeconomics,100,50.0,2016-01-31,2016_4
Civil Rights,200,50.0,2016-01-31,2016_4
Health,300,50.0,2016-01-31,2016_4
Agriculture,400,50.0,2016-01-31,2016_4
Labor,500,50.0,2016-01-31,2016_4
Education,600,50.0,2016-01-31,2016_4
Environment,700,50.0,2016-01-31,2016_4
Energy,800,50.0,2016-01-31,2016_4
Transportation,1000,50.0,2016-01-31,2016_4
Law and Crime,1200,50.0,2016-01-31,2016_4
Social Welfare,1300,50.0,2016-01-31,2016_4
Housing,1400,50.0,2016-01-31,2016_4
Domestic Commerce,1500,50.0,2016-01-31,2016_4
Defense,1600,50.0,2016-01-31,2016_4
Technology,1700,50.0,2016-01-31,2016_4
International Affairs,1900,50.0,2016-01-31,2016_4
Government Operations,2000,50.0,2016-01-31,2016_4
Public Lands,2100,50.0,2016-01-31,2016_4
Macroeconomics,100,50.0,2016-02-07,2016_5
Civil Rights,200,50.0,2016-02-07,2016_5
Health,300,50.0,2016-02-07,2016_5
Agriculture,400,50.0,2016-02-07,2016_5
Labor,500,50.0,2016-02-07,2016_5
Education,600,50.0,2016-02-07,2016_5
Environment,700,50.0,2016-02-07,2016_5
Energy,800,50.0,2016-02-07,2016_5
Transportation,1000,50.0,2016-02-07,2016_5
Law and Crime,1200,50.0,2016-02-07,2016_5
Social Welfare,1300,50.0,2016-02-07,2016_5
Housing,1400,50.0,2016-02-07,2016_5
Domestic Commerce,1500,50.0,2016-02-07,2016_5
Defense,1600,50.0,2016-02-07,2016_5
Technology,1700,50.0,2016-02-07,2016_5
International Affairs,1900,50.0,2016-02-07,2016_5
Government Operations,2000,50.0,2016-02-07,2016_5
Public Lands,2100,50.0,2016-02-07,2016_5
Macroeconomics,100,50.0,2016-02-14,2016_6
Civil Rights,200,50.0,2016-02-14,2016_6
Health,300,50.0,2016-02-14,2016_6
Agriculture,400,50.0,2016-02-14,2016_6
Labor,500,50.0,2016-02-14,2016_6
Education,600,50.0,2016-02-14,2016_6
Environment,700,50.0,2016-02-14,2016_6
Energy,800,50.0,2016-02-14,2016_6
Transportation,1000,50.0,2016-02-14,2016_6
Law and Crime,1200,50.0,2016-02-14,2016_6
Social Welfare,1300,50.0,2016-02-14,2016_6
Housing,1400,50.0,2016-02-14,2016_6
Domestic Commerce,1500,50.0,2016-02-14,2016_6
Defense,1600,50.0,2016-02-14,2016_6
Technology,1700,50.0,2016-02-14,2016_6
International Affairs,1900,50.0,2016-02-14,2016_6
Government Operations,2000,50.0,2016-02-14,2016_6
Public Lands,2100,50.0,2016-02-14,2016_6
Macroeconomics,100,50.0,2016-02-21,2016_7
Civil Rights,200,50.0,2016-02-21,2016_7
Health,300,50.0,2016-02-21,2016_7
Agriculture,400,50.0,2016-02-21,2016_7
Labor,500,50.0,2016-02-21,2016_7
Education,600,50.0,2016-02-21,2016_7
Environment,700,50.0,2016-02-21,2016_7
Energy,800,50.0,2016-02-21,2016_7
Transportation,1000,50.0,2016-02-21,2016_7
Law and Crime,1200,50.0,2016-02-21,2016_7
Social Welfare,1300,50.0,2016-02-21,2016_7
Housing,1400,50.0,2016-02-21,2016_7
Domestic Commerce,1500,50.0,2016-02-21,2016_7
Defense,1600,50.0,2016-02-21,2016_7
Technology,1700,50.0,2016-02-21,2016_7
International Affairs,1900,50.0,2016-02-21,2016_7
Government Operations,2000,50.0,2016-02-21,2016_7
Public Lands,2100,50.0,2016-02-21,2016_7
Macroeconomics,100,50.0,2016-02-28,2016_8
Civil Rights,200,50.0,2016-02-28,2016_8
Health,300,50.0,2016-02-28,2016_8
Agriculture,400,50.0,2016-02-28,2016_8
Labor,500,50.0,2016-02-28,2016_8
Education,600,50.0,2016-02-28,2016_8
Environment,700,50.0,2016-02-28,2016_8
Energy,800,50.0,2016-02-28,2016_8
Transportation,1000,50.0,2016-02-28,2016_8
Law and Crime,1200,50.0,2016-02-28,2016_8
Social Welfare,1300,50.0,2016-02-28,2016_8
Housing,1400,50.0,2016-02-28,2016_8
Domestic Commerce,1500,50.0,2016-02-28,2016_8
Defense,1600,50.0,2016-02-28,2016_8
Technology,1700,50.0,2016-02-28,2016_8
International Affairs,1900,50.0,2016-02-28,2016_8
Government Operations,2000,50.0,2016-02-28,2016_8
Public Lands,2100,50.0,2016-02-28,2016_8
Macroeconomics,100,50.0,2016-03-06,2016_9
Civil Rights,200,50.0,2016-03-06,2016_9
Health,300,50.0,2016-03-06,2016_9
Agriculture,400,50.0,2016-03-06,2016_9
Labor,500,50.0,2016-03-06,2016_9
Education,600,50.0,2016-03-06,2016_9
Environment,700,50.0,2016-03-06,2016_9
Energy,800,50.0,2016-03-06,2016_9
Transportation,1000,50.0,2016-03-06,2016_9
Law and Crime,1200,50.0,2016-03-06,2016_9
Social Welfare,1300,50.0,2016-03-06,2016_9
Housing,1400,50.0,2016-03-06,2016_9
Domestic Commerce,1500,50.0,2016-03-06,2016_9
Defense,1600,50.0,2016-03-06,2016_9
Technology,1700,50.0,2016-03-06,2016_9
International Affairs,1900,50.0,2016-03-06,2016_9
Government Operations,2000,50.0,2016-03-06,2016_9
Public Lands,2100,50.0,2016-03-06,2016_9
Macroeconomics,100,50.0,2016-03-13,2016_10
Civil Rights,200,50.0,2016-03-13,2016_10
Health,300,50.0,2016-03-13,2016_10
Agriculture,400,50.0,2016-03-13,2016_10
Labor,500,50.0,2016-03-13,2016_10
Education,600,50.0,2016-03-13,2016_10
Environment,700,50.0,2016-03-13,2016_10
Energy,800,50.0,2016-03-13,2016_10
Transportation,1000,50.0,2016-03-13,2016_10
Law and Crime,1200,50.0,2016-03-13,2016_10
Social Welfare,1300,50.0,2016-03-13,2016_10
Housing,1400,50.0,2016-03-13,2016_10
Domestic Commerce,1500,50.0,2016-03-13,2016_10
Defense,1600,50.0,2016-03-13,2016_10
Technology,1700,50.0,2016-03-13,2016_10
International Affairs,1900,50.0,2016-03-13,2016_10
Government Operations,2000,50.0,2016-03-13,2016_10
Public Lands,2100,50.0,2016-03-13,2016_10
Macroeconomics,100,50.0,2016-03-20,2016_11
Civil Rights,200,50.0,2016-03-20,2016_11
Health,300,50.0,2016-03-20,2016_11
Agriculture,400,50.0,2016-03-20,2016_11
Labor,500,50.0,2016-03-20,2016_11
Education,600,50.0,2016-03-20,2016_11
Environment,700,50.0,2016-03-20,2016_11
Energy,800,50.0,2016-03-20,2016_11
Transportation,1000,50.0,2016-03-20,2016_11
Law and Crime,1200,50.0,2016-03-20,2016_11
Social Welfare,1300,50.0,2016-03-20,2016_11
Housing,1400,50.0,2016-03-20,2016_11
Domestic Commerce,1500,50.0,2016-03-20,2016_11
Defense,1600,50.0,2016-03-20,2016_11
Technology,1700,50.0,2016-03-20,2016_11
International Affairs,1900,50.0,2016-03-20,2016_11
Government Operations,2000,50.0,2016-03-20,2016_11
Public Lands,2100,50.0,2016-03-20,2016_11
Macroeconomics,100,50.0,2016-03-27,2016_12
Civil Rights,200,50.0,2016-03-27,2016_12
Health,300,50.0,2016-03-27,2016_12
Agriculture,400,50.0,2016-03-27,2016_12
Labor,500,50.0,2016-03-27,2016_12
Education,600,50.0,2016-03-27,2016_12
Environment,700,50.0,2016-03-27,2016_12
Energy,800,50.0,2016-03-27,2016_12
Transportation,1000,50.0,2016-03-27,2016_12
Law and Crime,1200,50.0,2016-03-27,2016_12
Social Welfare,1300,50.0,2016-03-27,2016_12
Housing,1400,50.0,2016-03-27,2016_12
Domestic Commerce,1500,50.0,2016-03-27,2016_12
Defense,1600,50.0,2016-03-27,2016_12
Technology,1700,50.0,2016-03-27,2016_12
International Affairs,1900,50.0,2016-03-27,2016_12
Government Operations,2000,50.0,2016-03-27,2016_12
Public Lands,2100,50.0,2016-03-27,2016_12
Macroeconomics,100,50.0,2016-04-03,2016_13
Civil Rights,200,50.0,2016-04-03,2016_13
Health,300,50.0,2016-04-03,2016_13
Agriculture,400,50.0,2016-04-03,2016_13
Labor,500,50.0,2016-04-03,2016_13
Education,600,50.0,2016-04-03,2016_13
Environment,700,50.0,2016-04-03,2016_13
Energy,800,50.0,2016-04-03,2016_13
Transportation,1000,50.0,2016-04-03,2016_13
Law and Crime,1200,50.0,2016-04-03,2016_13
Social Welfare,1300,50.0,2016-04-03,2016_13
Housing,1400,50.0,2016-04-03,2016_13
Domestic Commerce,1500,50.0,2016-04-03,2016_13
Defense,1600,50.0,2016-04-03,2016_13
Technology,1700,50.0,2016-04-03,2016_13
International Affairs,1900,50.0,2016-04-03,2016_13
Government Operations,2000,50.0,2016-04-03,2016_13
Public Lands,2100,50.0,2016-04-03,2016_13
Macroeconomics,100,50.0,2016-04-10,2016_14
Civil Rights,200,50.0,2016-04-10,2016_14
Health,300,50.0,2016-04-10,2016_14
Agriculture,400,50.0,2016-04-10,2016_14
Labor,500,50.0,2016-04-10,2016_14
Education,600,50.0,2016-04-10,2016_14
Environment,700,50.0,2016-04-10,2016_14
Energy,800,50.0,2016-04-10,2016_14
Transportation,1000,50.0,2016-04-10,2016_14
Law and Crime,1200,50.0,2016-04-10,2016_14
Social Welfare,1300,50.0,2016-04-10,2016_14
Housing,1400,50.0,2016-04-10,2016_14
Domestic Commerce,1500,50.0,2016-04-10,2016_14
Defense,1600,50.0,2016-04-10,2016_14
Technology,1700,50.0,2016-04-10,2016_14
International Affairs,1900,50.0,2016-04-10,2016_14
Government Operations,2000,50.0,2016-04-10,2016_14
Public Lands,2100,50.0,2016-04-10,2016_14
Macroeconomics,100,50.0,2016-04-17,2016_15
Civil Rights,200,50.0,2016-04-17,2016_15
Health,300,50.0,2016-04-17,2016_15
Agriculture,400,50.0,2016-04-17,2016_15
Labor,500,50.0,2016-04-17,2016_15
Education,600,50.0,2016-04-17,2016_15
Environment,700,50.0,2016-04-17,2016_15
Energy,800,50.0,2016-04-17,2016_15
Transportation,1000,50.0,2016-04-17,2016_15
Law and Crime,1200,50.0,2016-04-17,2016_15
Social Welfare,1300,50.0,2016-04-17,2016_15
Housing,1400,50.0,2016-04-17,2016_15
Domestic Commerce,1500,50.0,2016-04-17,2016_15
Defense,1600,50.0,2016-04-17,2016_15
Technology,1700,50.0,2016-04-17,2016_15
International Affairs,1900,50.0,2016-04-17,2016_15
Government Operations,2000,50.0,2016-04-17,2016_15
Public Lands,2100,50.0,2016-04-17,2016_15
Macroeconomics,100,50.0,2016-04-24,2016_16
Civil Rights,200,50.0,2016-04-24,2016_16
Health,300,50.0,2016-04-24,2016_16
Agriculture,400,50.0,2016-04-24,2016_16
Labor,500,50.0,2016-04-24,2016_16
Education,600,50.0,2016-04-24,2016_16
Environment,700,50.0,2016-04-24,2016_16
Energy,800,50.0,2016-04-24,2016_16
Transportation,1000,50.0,2016-04-24,2016_16
Law and Crime,1200,50.0,2016-04-24,2016_16
Social Welfare,1300,50.0,2016-04-24,2016_16
Housing,1400,50.0,2016-04-24,2016_16
Domestic Commerce,1500,50.0,2016-04-24,2016_16
Defense,1600,50.0,2016-04-24,2016_16
Technology,1700,50.0,2016-04-24,2016_16
International Affairs,1900,50.0,2016-04-24,2016_16
Government Operations,2000,50.0,2016-04-24,2016_16
Public Lands,2100,50.0,2016-04-24,2016_16
Macroeconomics,100,50.0,2016-05-01,2016_17
Civil Rights,200,50.0,2016-05-01,2016_17
Health,300,50.0,2016-05-01,2016_17
Agriculture,400,50.0,2016-05-01,2016_17
Labor,500,50.0,2016-05-01,2016_17
Education,600,50.0,2016-05-01,2016_17
Environment,700,50.0,2016-05-01,2016_17
Energy,800,50.0,2016-05-01,2016_17
Transportation,1000,50.0,2016-05-01,2016_17
Law and Crime,1200,50.0,2016-05-01,2016_17
Social Welfare,1300,50.0,2016-05-01,2016_17
Housing,1400,50.0,2016-05-01,2016_17
Domestic Commerce,1500,50.0,2016-05-01,2016_17
Defense,1600,50.0,2016-05-01,2016_17
Technology,1700,50.0,2016-05-01,2016_17
International Affairs,1900,50.0,2016-05-01,2016_17
Government Operations,2000,50.0,2016-05-01,2016_17
Public Lands,2100,50.0,2016-05-01,2016_17
Macroeconomics,100,50.0,2016-05-08,2016_18
Civil Rights,200,50.0,2016-05-08,2016_18
Health,300,50.0,2016-05-08,2016_18
Agriculture,400,50.0,2016-05-08,2016_18
Labor,500,50.0,2016-05-08,2016_18
Education,600,50.0,2016-05-08,2016_18
Environment,700,50.0,2016-05-08,2016_18
Energy,800,50.0,2016-05-08,2016_18
Transportation,1000,50.0,2016-05-08,2016_18
Law and Crime,1200,50.0,2016-05-08,2016_18
Social Welfare,1300,50.0,2016-05-08,2016_18
Housing,1400,50.0,2016-05-08,2016_18
Domestic Commerce,1500,50.0,2016-05-08,2016_18
Defense,1600,50.0,2016-05-08,2016_18
Technology,1700,50.0,2016-05-08,2016_18
International Affairs,1900,50.0,2016-05-08,2016_18
Government Operations,2000,50.0,2016-05-08,2016_18
Public Lands,2100,50.0,2016-05-08,2016_18
Macroeconomics,100,50.0,2016-05-15,2016_19
Civil Rights,200,50.0,2016-05-15,2016_19
Health,300,50.0,2016-05-15,2016_19
Agriculture,400,50.0,2016-05-15,2016_19
Labor,500,50.0,2016-05-15,2016_19
Education,600,50.0,2016-05-15,2016_19
Environment,700,50.0,2016-05-15,2016_19
Energy,800,50.0,2016-05-15,2016_19
Transportation,1000,50.0,2016-05-15,2016_19
Law and Crime,1200,50.0,2016-05-15,2016_19
Social Welfare,1300,50.0,2016-05-15,2016_19
Housing,1400,50.0,2016-05-15,2016_19
Domestic Commerce,1500,50.0,2016-05-15,2016_19
Defense,1600,50.0,2016-05-15,2016_19
Technology,1700,50.0,2016-05-15,2016_19
International Affairs,1900,50.0,2016-05-15,2016_19
Government Operations,2000,50.0,2016-05-15,2016_19
Public Lands,2100,50.0,2016-05-15,2016_19
Macroeconomics,100,50.0,2016-05-22,2016_20
Civil Rights,200,50.0,2016-05-22,2016_20
Health,300,50.0,2016-05-22,2016_20
Agriculture,400,50.0,2016-05-22,2016_20
Labor,500,50.0,2016-05-22,2016_20
Education,600,50.0,2016-05-22,2016_20
Environment,700,50.0,2016-05-22,2016_20
Energy,800,50.0,2016-05-22,2016_20
Transportation,1000,50.0,2016-05-22,2016_20
Law and Crime,1200,50.0,2016-05-22,2016_20
Social Welfare,1300,50.0,2016-05-22,2016_20
Housing,1400,50.0,2016-05-22,2016_20
Domestic Commerce,1500,50.0,2016-05-22,2016_20
Defense,1600,50.0,2016-05-22,2016_20
Technology,1700,50.0,2016-05-22,2016_20
International Affairs,1900,50.0,2016-05-22,2016_20
Government Operations,2000,50.0,2016-05-22,2016_20
Public Lands,2100,50.0,2016-05-22,2016_20
Macroeconomics,100,50.0,2016-05-29,2016_21
Civil Rights,200,50.0,2016-05-29,2016_21
Health,300,50.0,2016-05-29,2016_21
Agriculture,400,50.0,2016-05-29,2016_21
Labor,500,50.0,2016-05-29,2016_21
Education,600,50.0,2016-05-29,2016_21
Environment,700,50.0,2016-05-29,2016_21
Energy,800,50.0,2016-05-29,2016_21
Transportation,1000,50.0,2016-05-29,2016_21
Law and Crime,1200,50.0,2016-05-29,2016_21
Social Welfare,1300,50.0,2016-05-29,2016_21
Housing,1400,50.0,2016-05-29,2016_21
Domestic Commerce,1500,50.0,2016-05-29,2016_21
Defense,1600,50.0,2016-05-29,2016_21
Technology,1700,50.0,2016-05-29,2016_21
International Affairs,1900,50.0,2016-05-29,2016_21
Government Operations,2000,50.0,2016-05-29,2016_21
Public Lands,2100,50.0,2016-05-29,2016_21
Macroeconomics,100,50.0,2016-06-05,2016_22
Civil Rights,200,50.0,2016-06-05,2016_22
Health,300,50.0,2016-06-05,2016_22
Agriculture,400,50.0,2016-06-05,2016_22
Labor,500,50.0,2016-06-05,2016_22
Education,600,50.0,2016-06-05,2016_22
Environment,700,50.0,2016-06-05,2016_22
Energy,800,50.0,2016-06-05,2016_22
Transportation,1000,50.0,2016-06-05,2016_22
Law and Crime,1200,50.0,2016-06-05,2016_22
Social Welfare,1300,50.0,2016-06-05,2016_22
Housing,1400,50.0,2016-06-05,2016_22
Domestic Commerce,1500,50.0,2016-06-05,2016_22
Defense,1600,50.0,2016-06-05,2016_22
Technology,1700,50.0,2016-06-05,2016_22
International Affairs,1900,50.0,2016-06-05,2016_22
Government Operations,2000,50.0,2016-06-05,2016_22
Public Lands,2100,50.0,2016-06-05,2016_22
Macroeconomics,100,50.0,2016-06-12,2016_23
Civil Rights,200,50.0,2016-06-12,2016_23
Health,300,50.0,2016-06-12,2016_23
Agriculture,400,50.0,2016-06-12,2016_23
Labor,500,50.0,2016-06-12,2016_23
Education,600,50.0,2016-06-12,2016_23
Environment,700,50.0,2016-06-12,2016_23
Energy,800,50.0,2016-06-12,2016_23
Transportation,1000,50.0,2016-06-12,2016_23
Law and Crime,1200,50.0,2016-06-12,2016_23
Social Welfare,1300,50.0,2016-06-12,2016_23
Housing,1400,50.0,2016-06-12,2016_23
Domestic Commerce,1500,50.0,2016-06-12,2016_23
Defense,1600,50.0,2016-06-12,2016_23
Technology,1700,50.0,2016-06-12,2016_23
International Affairs,1900,50.0,2016-06-12,2016_23
Government Operations,2000,50.0,2016-06-12,2016_23
Public Lands,2100,50.0,2016-06-12,2016_23
Macroeconomics,100,50.0,2016-06-19,2016_24
Civil Rights,200,50.0,2016-06-19,2016_24
Health,300,50.0,2016-06-19,2016_24
Agriculture,400,50.0,2016-06-19,2016_24
Labor,500,50.0,2016-06-19,2016_24
Education,600,50.0,2016-06-19,2016_24
Environment,700,50.0,2016-06-19,2016_24
Energy,800,50.0,2016-06-19,2016_24
Transportation,1000,50.0,2016-06-19,2016_24
Law and Crime,1200,50.0,2016-06-19,2016_24
Social Welfare,1300,50.0,2016-06-19,2016_24
Housing,1400,50.0,2016-06-19,2016_24
Domestic Commerce,1500,50.0,2016-06-19,2016_24
Defense,1600,50.0,2016-06-19,2016_24
Technology,1700,50.0,2016-06-19,2016_24
International Affairs,1900,50.0,2016-06-19,2016_24
Government Operations,2000,50.0,2016-06-19,2016_24
Public Lands,2100,50.0,2016-06-19,2016_24
Macroeconomics,100,50.0,2016-06-26,2016_25
Civil Rights,200,50.0,2016-06-26,2016_25
Health,300,50.0,2016-06-26,2016_25
Agriculture,400,50.0,2016-06-26,2016_25
Labor,500,50.0,2016-06-26,2016_25
Education,600,50.0,2016-06-26,2016_25
Environment,700,50.0,2016-06-26,2016_25
Energy,800,50.0,2016-06-26,2016_25
Transportation,1000,50.0,2016-06-26,2016_25
Law and Crime,1200,50.0,2016-06-26,2016_25
Social Welfare,1300,50.0,2016-06-26,2016_25
Housing,1400,50.0,2016-06-26,2016_25
Domestic Commerce,1500,50.0,2016-06-26,2016_25
Defense,1600,50.0,2016-06-26,2016_25
Technology,1700,50.0,2016-06-26,2016_25
International Affairs,1900,50.0,2016-06-26,2016_25
Government Operations,2000,50.0,2016-06-26,2016_25
Public Lands,2100,50.0,2016-06-26,2016_25
Macroeconomics,100,50.0,2016-07-03,2016_26
Civil Rights,200,50.0,2016-07-03,2016_26
Health,300,50.0,2016-07-03,2016_26
Agriculture,400,50.0,2016-07-03,2016_26
Labor,500,50.0,2016-07-03,2016_26
Education,600,50.0,2016-07-03,2016_26
Environment,700,50.0,2016-07-03,2016_26
Energy,800,50.0,2016-07-03,2016_26
Transportation,1000,50.0,2016-07-03,2016_26
Law and Crime,1200,50.0,2016-07-03,2016_26
Social Welfare,1300,50.0,2016-07-03,2016_26
Housing,1400,50.0,2016-07-03,2016_26
Domestic Commerce,1500,50.0,2016-07-03,2016_26
Defense,1600,50.0,2016-07-03,2016_26
Technology,1700,50.0,2016-07-03,2016_26
International Affairs,1900,50.0,2016-07-03,2016_26
Government Operations,2000,50.0,2016-07-03,2016_26
Public Lands,2100,50.0,2016-07-03,2016_26
Macroeconomics,100,50.0,2016-07-10,2016_27
Civil Rights,200,50.0,2016-07-10,2016_27
Health,300,50.0,2016-07-10,2016_27
Agriculture,400,50.0,2016-07-10,2016_27
Labor,500,50.0,2016-07-10,2016_27
Education,600,50.0,2016-07-10,2016_27
Environment,700,50.0,2016-07-10,2016_27
Energy,800,50.0,2016-07-10,2016_27
Transportation,1000,50.0,2016-07-10,2016_27
Law and Crime,1200,50.0,2016-07-10,2016_27
Social Welfare,1300,50.0,2016-07-10,2016_27
Housing,1400,50.0,2016-07-10,2016_27
Domestic Commerce,1500,50.0,2016-07-10,2016_27
Defense,1600,50.0,2016-07-10,2016_27
Technology,1700,50.0,2016-07-10,2016_27
International Affairs,1900,50.0,2016-07-10,2016_27
Government Operations,2000,50.0,2016-07-10,2016_27
Public Lands,2100,50.0,2016-07-10,2016_27
Macroeconomics,100,50.0,2016-07-17,2016_28
Civil Rights,200,50.0,2016-07-17,2016_28
Health,300,50.0,2016-07-17,2016_28
Agriculture,400,50.0,2016-07-17,2016_28
Labor,500,50.0,2016-07-17,2016_28
Education,600,50.0,2016-07-17,2016_28
Environment,700,50.0,2016-07-17,2016_28
Energy,800,50.0,2016-07-17,2016_28
Transportation,1000,50.0,2016-07-17,2016_28
Law and Crime,1200,50.0,2016-07-17,2016_28
Social Welfare,1300,50.0,2016-07-17,2016_28
Housing,1400,50.0,2016-07-17,2016_28
Domestic Commerce,1500,50.0,2016-07-17,2016_28
Defense,1600,50.0,2016-07-17,2016_28
Technology,1700,50.0,2016-07-17,2016_28
International Affairs,1900,50.0,2016-07-17,2016_28
Government Operations,2000,50.0,2016-07-17,2016_28
Public Lands,2100,50.0,2016-07-17,2016_28
Macroeconomics,100,50.0,2016-07-24,2016_29
Civil Rights,200,50.0,2016-07-24,2016_29
Health,300,50.0,2016-07-24,2016_29
Agriculture,400,50.0,2016-07-24,2016_29
Labor,500,50.0,2016-07-24,2016_29
Education,600,50.0,2016-07-24,2016_29
Environment,700,50.0,2016-07-24,2016_29
Energy,800,50.0,2016-07-24,2016_29
Transportation,1000,50.0,2016-07-24,2016_29
Law and Crime,1200,50.0,2016-07-24,2016_29
Social Welfare,1300,50.0,2016-07-24,2016_29
Housing,1400,50.0,2016-07-24,2016_29
Domestic Commerce,1500,50.0,2016-07-24,2016_29
Defense,1600,50.0,2016-07-24,2016_29
Technology,1700,50.0,2016-07-24,2016_29
International Affairs,1900,50.0,2016-07-24,2016_29
Government Operations,2000,50.0,2016-07-24,2016_29
Public Lands,2100,50.0,2016-07-24,2016_29
Macroeconomics,100,50.0,2016-07-31,2016_30
Civil Rights,200,50.0,2016-07-31,2016_30
Health,300,50.0,2016-07-31,2016_30
Agriculture,400,50.0,2016-07-31,2016_30
Labor,500,50.0,2016-07-31,2016_30
Education,600,50.0,2016-07-31,2016_30
Environment,700,50.0,2016-07-31,2016_30
Energy,800,50.0,2016-07-31,2016_30
Transportation,1000,50.0,2016-07-31,2016_30
Law and Crime,1200,50.0,2016-07-31,2016_30
Social Welfare,1300,50.0,2016-07-31,2016_30
Housing,1400,50.0,2016-07-31,2016_30
Domestic Commerce,1500,50.0,2016-07-31,2016_30
Defense,1600,50.0,2016-07-31,2016_30
Technology,1700,50.0,2016-07-31,2016_30
International Affairs,1900,50.0,2016-07-31,2016_30
Government Operations,2000,50.0,2016-07-31,2016_30
Public Lands,2100,50.0,2016-07-31,2016_30
Macroeconomics,100,50.0,2016-08-07,2016_31
Civil Rights,200,50.0,2016-08-07,2016_31
Health,300,50.0,2016-08-07,2016_31
Agriculture,400,50.0,2016-08-07,2016_31
Labor,500,50.0,2016-08-07,2016_31
Education,600,50.0,2016-08-07,2016_31
Environment,700,50.0,2016-08-07,2016_31
Energy,800,50.0,2016-08-07,2016_31
Transportation,1000,50.0,2016-08-07,2016_31
Law and Crime,1200,50.0,2016-08-07,2016_31
Social Welfare,1300,50.0,2016-08-07,2016_31
Housing,1400,50.0,2016-08-07,2016_31
Domestic Commerce,1500,50.0,2016-08-07,2016_31
Defense,1600,50.0,2016-08-07,2016_31
Technology,1700,50.0,2016-08-07,2016_31
International Affairs,1900,50.0,2016-08-07,2016_31
Government Operations,2000,50.0,2016-08-07,2016_31
Public Lands,2100,50.0,2016-08-07,2016_31
Macroeconomics,100,50.0,2016-08-14,2016_32
Civil Rights,200,50.0,2016-08-14,2016_32
Health,300,50.0,2016-08-14,2016_32
Agriculture,400,50.0,2016-08-14,2016_32
Labor,500,50.0,2016-08-14,2016_32
Education,600,50.0,2016-08-14,2016_32
Environment,700,50.0,2016-08-14,2016_32
Energy,800,50.0,2016-08-14,2016_32
Transportation,1000,50.0,2016-08-14,2016_32
Law and Crime,1200,50.0,2016-08-14,2016_32
Social Welfare,1300,50.0,2016-08-14,2016_32
Housing,1400,50.0,2016-08-14,2016_32
Domestic Commerce,1500,50.0,2016-08-14,2016_32
Defense,1600,50.0,2016-08-14,2016_32
Technology,1700,50.0,2016-08-14,2016_32
International Affairs,1900,50.0,2016-08-14,2016_32
Government Operations,2000,50.0,2016-08-14,2016_32
Public Lands,2100,50.0,2016-08-14,2016_32
Macroeconomics,100,50.0,2016-08-21,2016_33
Civil Rights,200,50.0,2016-08-21,2016_33
Health,300,50.0,2016-08-21,2016_33
Agriculture,400,50.0,2016-08-21,2016_33
Labor,500,50.0,2016-08-21,2016_33
Education,600,50.0,2016-08-21,2016_33
Environment,700,50.0,2016-08-21,2016_33
Energy,800,50.0,2016-08-21,2016_33
Transportation,1000,50.0,2016-08-21,2016_33
Law and Crime,1200,50.0,2016-08-21,2016_33
Social Welfare,1300,50.0,2016-08-21,2016_33
Housing,1400,50.0,2016-08-21,2016_33
Domestic Commerce,1500,50.0,2016-08-21,2016_33
Defense,1600,50.0,2016-08-21,2016_33
Technology,1700,50.0,2016-08-21,2016_33
International Affairs,1900,50.0,2016-08-21,2016_33
Government Operations,2000,50.0,2016-08-21,2016_33
Public Lands,2100,50.0,2016-08-21,2016_33
Macroeconomics,100,50.0,2016-08-28,2016_34
Civil Rights,200,50.0,2016-08-28,2016_34
Health,300,50.0,2016-08-28,2016_34
Agriculture,400,50.0,2016-08-28,2016_34
Labor,500,50.0,2016-08-28,2016_34
Education,600,50.0,2016-08-28,2016_34
Environment,700,50.0,2016-08-28,2016_34
Energy,800,50.0,2016-08-28,2016_34
Transportation,1000,50.0,2016-08-28,2016_34
Law and Crime,1200,50.0,2016-08-28,2016_34
Social Welfare,1300,50.0,2016-08-28,2016_34
Housing,1400,50.0,2016-08-28,2016_34
Domestic Commerce,1500,50.0,2016-08-28,2016_34
Defense,1600,50.0,2016-08-28,2016_34
Technology,1700,50.0,2016-08-28,2016_34
International Affairs,1900,50.0,2016-08-28,2016_34
Government Operations,2000,50.0,2016-08-28,2016_34
Public Lands,2100,50.0,2016-08-28,2016_34
Macroeconomics,100,50.0,2016-09-04,2016_35
Civil Rights,200,50.0,2016-09-04,2016_35
Health,300,50.0,2016-09-04,2016_35
Agriculture,400,50.0,2016-09-04,2016_35
Labor,500,50.0,2016-09-04,2016_35
Education,600,50.0,2016-09-04,2016_35
Environment,700,50.0,2016-09-04,2016_35
Energy,800,50.0,2016-09-04,2016_35
Transportation,1000,50.0,2016-09-04,2016_35
Law and Crime,1200,50.0,2016-09-04,2016_35
Social Welfare,1300,50.0,2016-09-04,2016_35
Housing,1400,50.0,2016-09-04,2016_35
Domestic Commerce,1500,50.0,2016-09-04,2016_35
Defense,1600,50.0,2016-09-04,2016_35
Technology,1700,50.0,2016-09-04,2016_35
International Affairs,1900,50.0,2016-09-04,2016_35
Government Operations,2000,50.0,2016-09-04,2016_35
Public Lands,2100,50.0,2016-09-04,2016_35
Macroeconomics,100,50.0,2016-09-11,2016_36
Civil Rights,200,50.0,2016-09-11,2016_36
Health,300,50.0,2016-09-11,2016_36
Agriculture,400,50.0,2016-09-11,2016_36
Labor,500,50.0,2016-09-11,2016_36
Education,600,50.0,2016-09-11,2016_36
Environment,700,50.0,2016-09-11,2016_36
Energy,800,50.0,2016-09-11,2016_36
Transportation,1000,50.0,2016-09-11,2016_36
Law and Crime,1200,50.0,2016-09-11,2016_36
Social Welfare,1300,50.0,2016-09-11,2016_36
Housing,1400,50.0,2016-09-11,2016_36
Domestic Commerce,1500,50.0,2016-09-11,2016_36
Defense,1600,50.0,2016-09-11,2016_36
Technology,1700,50.0,2016-09-11,2016_36
International Affairs,1900,50.0,2016-09-11,2016_36
Government Operations,2000,50.0,2016-09-11,2016_36
Public Lands,2100,50.0,2016-09-11,2016_36
Macroeconomics,100,50.0,2016-09-18,2016_37
Civil Rights,200,50.0,2016-09-18,2016_37
Health,300,50.0,2016-09-18,2016_37
Agriculture,400,50.0,2016-09-18,2016_37
Labor,500,50.0,2016-09-18,2016_37
Education,600,50.0,2016-09-18,2016_37
Environment,700,50.0,2016-09-18,2016_37
Energy,800,50.0,2016-09-18,2016_37
Transportation,1000,50.0,2016-09-18,2016_37
Law and Crime,1200,50.0,2016-09-18,2016_37
Social Welfare,1300,50.0,2016-09-18,2016_37
Housing,1400,50.0,2016-09-18,2016_37
Domestic Commerce,1500,50.0,2016-09-18,2016_37
Defense,1600,50.0,2016-09-18,2016_37
Technology,1700,50.0,2016-09-18,2016_37
International Affairs,1900,50.0,2016-09-18,2016_37
Government Operations,2000,50.0,2016-09-18,2016_37
Public Lands,2100,50.0,2016-09-18,2016_37
Macroeconomics,100,50.0,2016-09-25,2016_38
Civil Rights,200,50.0,2016-09-25,2016_38
Health,300,50.0,2016-09-25,2016_38
Agriculture,400,50.0,2016-09-25,2016_38
Labor,500,50.0,2016-09-25,2016_38
Education,600,50.0,2016-09-25,2016_38
Environment,700,50.0,2016-09-25,2016_38
Energy,800,50.0,2016-09-25,2016_38
Transportation,1000,50.0,2016-09-25,2016_38
Law and Crime,1200,50.0,2016-09-25,2016_38
Social Welfare,1300,50.0,2016-09-25,2016_38
Housing,1400,50.0,2016-09-25,2016_38
Domestic Commerce,1500,50.0,2016-09-25,2016_38
Defense,1600,50.0,2016-09-25,2016_38
Technology,1700,50.0,2016-09-25,2016_38
International Affairs,1900,50.0,2016-09-25,2016_38
Government Operations,2000,50.0,2016-09-25,2016_38
Public Lands,2100,50.0,2016-09-25,2016_38
Macroeconomics,100,50.0,2016-10-02,2016_39
Civil Rights,200,50.0,2016-10-02,2016_39
Health,300,50.0,2016-10-02,2016_39
Agriculture,400,50.0,2016-10-02,2016_39
Labor,500,50.0,2016-10-02,2016_39
Education,600,50.0,2016-10-02,2016_39
Environment,700,50.0,2016-10-02,2016_39
Energy,800,50.0,2016-10-02,2016_39
Transportation,1000,50.0,2016-10-02,2016_39
Law and Crime,1200,50.0,2016-10-02,2016_39
Social Welfare,1300,50.0,2016-10-02,2016_39
Housing,1400,50.0,2016-10-02,2016_39
Domestic Commerce,1500,50.0,2016-10-02,2016_39
Defense,1600,50.0,2016-10-02,2016_39
Technology,1700,50.0,2016-10-02,2016_39
International Affairs,1900,50.0,2016-10-02,2016_39
Government Operations,2000,50.0,2016-10-02,2016_39
Public Lands,2100,50.0,2016-10-02,2016_39
Macroeconomics,100,50.0,2016-10-09,2016_40
Civil Rights,200,50.0,2016-10-09,2016_40
Health,300,50.0,2016-10-09,2016_40
Agriculture,400,50.0,2016-10-09,2016_40
Labor,500,50.0,2016-10-09,2016_40
Education,600,50.0,2016-10-09,2016_40
Environment,700,50.0,2016-10-09,2016_40
Energy,800,50.0,2016-10-09,2016_40
Transportation,1000,50.0,2016-10-09,2016_40
Law and Crime,1200,50.0,2016-10-09,2016_40
Social Welfare,1300,50.0,2016-10-09,2016_40
Housing,1400,50.0,2016-10-09,2016_40
Domestic Commerce,1500,50.0,2016-10-09,2016_40
Defense,1600,50.0,2016-10-09,2016_40
Technology,1700,50.0,2016-10-09,2016_40
International Affairs,1900,50.0,2016-10-09,2016_40
Government Operations,2000,50.0,2016-10-09,2016_40
Public Lands,2100,50.0,2016-10-09,2016_40
Macroeconomics,100,50.0,2016-10-16,2016_41
Civil Rights,200,50.0,2016-10-16,2016_41
Health,300,50.0,2016-10-16,2016_41
Agriculture,400,50.0,2016-10-16,2016_41
Labor,500,50.0,2016-10-16,2016_41
Education,600,50.0,2016-10-16,2016_41
Environment,700,50.0,2016-10-16,2016_41
Energy,800,50.0,2016-10-16,2016_41
Transportation,1000,50.0,2016-10-16,2016_41
Law and Crime,1200,50.0,2016-10-16,2016_41
Social Welfare,1300,50.0,2016-10-16,2016_41
Housing,1400,50.0,2016-10-16,2016_41
Domestic Commerce,1500,50.0,2016-10-16,2016_41
Defense,1600,50.0,2016-10-16,2016_41
Technology,1700,50.0,2016-10-16,2016_41
International Affairs,1900,50.0,2016-10-16,2016_41
Government Operations,2000,50.0,2016-10-16,2016_41
Public Lands,2100,50.0,2016-10-16,2016_41
Macroeconomics,100,50.0,2016-10-23,2016_42
Civil Rights,200,50.0,2016-10-23,2016_42
Health,300,50.0,2016-10-23,2016_42
Agriculture,400,50.0,2016-10-23,2016_42
Labor,500,50.0,2016-10-23,2016_42
Education,600,50.0,2016-10-23,2016_42
Environment,700,50.0,2016-10-23,2016_42
Energy,800,50.0,2016-10-23,2016_42
Transportation,1000,50.0,2016-10-23,2016_42
Law and Crime,1200,50.0,2016-10-23,2016_42
Social Welfare,1300,50.0,2016-10-23,2016_42
Housing,1400,50.0,2016-10-23,2016_42
Domestic Commerce,1500,50.0,2016-10-23,2016_42
Defense,1600,50.0,2016-10-23,2016_42
Technology,1700,50.0,2016-10-23,2016_42
International Affairs,1900,50.0,2016-10-23,2016_42
Government Operations,2000,50.0,2016-10-23,2016_42
Public Lands,2100,50.0,2016-10-23,2016_42
Macroeconomics,100,50.0,2016-10-30,2016_43
Civil Rights,200,50.0,2016-10-30,2016_43
Health,300,50.0,2016-10-30,2016_43
Agriculture,400,50.0,2016-10-30,2016_43
Labor,500,50.0,2016-10-30,2016_43
Education,600,50.0,2016-10-30,2016_43
Environment,700,50.0,2016-10-30,2016_43
Energy,800,50.0,2016-10-30,2016_43
Transportation,1000,50.0,2016-10-30,2016_43
Law and Crime,1200,50.0,2016-10-30,2016_43
Social Welfare,1300,50.0,2016-10-30,2016_43
Housing,1400,50.0,2016-10-30,2016_43
Domestic Commerce,1500,50.0,2016-10-30,2016_43
Defense,1600,50.0,2016-10-30,2016_43
Technology,1700,50.0,2016-10-30,2016_43
International Affairs,1900,50.0,2016-10-30,2016_43
Government Operations,2000,50.0,2016-10-30,2016_43
Public Lands,2100,50.0,2016-10-30,2016_43
Macroeconomics,100,50.0,2016-11-06,2016_44
Civil Rights,200,50.0,2016-11-06,2016_44
Health,300,50.0,2016-11-06,2016_44
Agriculture,400,50.0,2016-11-06,2016_44
Labor,500,50.0,2016-11-06,2016_44
Education,600,50.0,2016-11-06,2016_44
Environment,700,50.0,2016-11-06,2016_44
Energy,800,50.0,2016-11-06,2016_44
Transportation,1000,50.0,2016-11-06,2016_44
Law and Crime,1200,50.0,2016-11-06,2016_44
Social Welfare,1300,50.0,2016-11-06,2016_44
Housing,1400,50.0,2016-11-06,2016_44
Domestic Commerce,1500,50.0,2016-11-06,2016_44
Defense,1600,50.0,2016-11-06,2016_44
Technology,1700,50.0,2016-11-06,2016_44
International Affairs,1900,50.0,2016-11-06,2016_44
Government Operations,2000,50.0,2016-11-06,2016_44
Public Lands,2100,50.0,2016-11-06,2016_44
Macroeconomics,100,50.0,2016-11-13,2016_45
Civil Rights,200,50.0,2016-11-13,2016_45
Health,300,50.0,2016-11-13,2016_45
Agriculture,400,50.0,2016-11-13,2016_45
Labor,500,50.0,2016-11-13,2016_45
Education,600,50.0,2016-11-13,2016_45
Environment,700,50.0,2016-11-13,2016_45
Energy,800,50.0,2016-11-13,2016_45
Transportation,1000,50.0,2016-11-13,2016_45
Law and Crime,1200,50.0,2016-11-13,2016_45
Social Welfare,1300,50.0,2016-11-13,2016_45
Housing,1400,50.0,2016-11-13,2016_45
Domestic Commerce,1500,50.0,2016-11-13,2016_45
Defense,1600,50.0,2016-11-13,2016_45
Technology,1700,50.0,2016-11-13,2016_45
International Affairs,1900,50.0,2016-11-13,2016_45
Government Operations,2000,50.0,2016-11-13,2016_45
Public Lands,2100,50.0,2016-11-13,2016_45
Macroeconomics,100,50.0,2016-11-20,2016_46
Civil Rights,200,50.0,2016-11-20,2016_46
Health,300,50.0,2016-11-20,2016_46
Agriculture,400,50.0,2016-11-20,2016_46
Labor,500,50.0,2016-11-20,2016_46
Education,600,50.0,2016-11-20,2016_46
Environment,700,50.0,2016-11-20,2016_46
Energy,800,50.0,2016-11-20,2016_46
Transportation,1000,50.0,2016-11-20,2016_46
Law and Crime,1200,50.0,2016-11-20,2016_46
Social Welfare,1300,50.0,2016-11-20,2016_46
Housing,1400,50.0,2016-11-20,2016_46
Domestic Commerce,1500,50.0,2016-11-20,2016_46
Defense,1600,50.0,2016-11-20,2016_46
Technology,1700,50.0,2016-11-20,2016_46
International Affairs,1900,50.0,2016-11-20,2016_46
Government Operations,2000,50.0,2016-11-20,2016_46
Public Lands,2100,50.0,2016-11-20,2016_46
Macroeconomics,100,50.0,2016-11-27,2016_47
Civil Rights,200,50.0,2016-11-27,2016_47
Health,300,50.0,2016-11-27,2016_47
Agriculture,400,50.0,2016-11-27,2016_47
Labor,500,50.0,2016-11-27,2016_47
Education,600,50.0,2016-11-27,2016_47
Environment,700,50.0,2016-11-27,2016_47
Energy,800,50.0,2016-11-27,2016_47
Transportation,1000,50.0,2016-11-27,2016_47
Law and Crime,1200,50.0,2016-11-27,2016_47
Social Welfare,1300,50.0,2016-11-27,2016_47
Housing,1400,50.0,2016-11-27,2016_47
Domestic Commerce,1500,50.0,2016-11-27,2016_47
Defense,1600,50.0,2016-11-27,2016_47
Technology,1700,50.0,2016-11-27,2016_47
International Affairs,1900,50.0,2016-11-27,2016_47
Government Operations,2000,50.0,2016-11-27,2016_47
Public Lands,2100,50.0,2016-11-27,2016_47
Macroeconomics,100,50.0,2016-12-04,2016_48
Civil Rights,200,50.0,2016-12-04,2016_48
Health,300,50.0,2016-12-04,2016_48
Agriculture,400,50.0,2016-12-04,2016_48
Labor,500,50.0,2016-12-04,2016_48
Education,600,50.0,2016-12-04,2016_48
Environment,700,50.0,2016-12-04,2016_48
Energy,800,50.0,2016-12-04,2016_48
Transportation,1000,50.0,2016-12-04,2016_48
Law and Crime,1200,50.0,2016-12-04,2016_48
Social Welfare,1300,50.0,2016-12-04,2016_48
Housing,1400,50.0,2016-12-04,2016_48
Domestic Commerce,1500,50.0,2016-12-04,2016_48
Defense,1600,50.0,2016-12-04,2016_48
Technology,1700,50.0,2016-12-04,2016_48
International Affairs,1900,50.0,2016-12-04,2016_48
Government Operations,2000,50.0,2016-12-04,2016_48
Public Lands,2100,50.0,2016-12-04,2016_48
Macroeconomics,100,50.0,2016-12-11,2016_49
Civil Rights,200,50.0,2016-12-11,2016_49
Health,300,50.0,2016-12-11,2016_49
Agriculture,400,50.0,2016-12-11,2016_49
Labor,500,50.0,2016-12-11,2016_49
Education,600,50.0,2016-12-11,2016_49
Environment,700,50.0,2016-12-11,2016_49
Energy,800,50.0,2016-12-11,2016_49
Transportation,1000,50.0,2016-12-11,2016_49
Law and Crime,1200,50.0,2016-12-11,2016_49
Social Welfare,1300,50.0,2016-12-11,2016_49
Housing,1400,50.0,2016-12-11,2016_49
Domestic Commerce,1500,50.0,2016-12-11,2016_49
Defense,1600,50.0,2016-12-11,2016_49
Technology,1700,50.0,2016-12-11,2016_49
International Affairs,1900,50.0,2016-12-11,2016_49
Government Operations,2000,50.0,2016-12-11,2016_49
Public Lands,2100,50.0,2016-12-11,2016_49
Macroeconomics,100,50.0,2016-12-18,2016_50
Civil Rights,200,50.0,2016-12-18,2016_50
Health,300,50.0,2016-12-18,2016_50
Agriculture,400,50.0,2016-12-18,2016_50
Labor,500,50.0,2016-12-18,2016_50
Education,600,50.0,2016-12-18,2016_50
Environment,700,50.0,2016-12-18,2016_50
Energy,800,50.0,2016-12-18,2016_50
Transportation,1000,50.0,2016-12-18,2016_50
Law and Crime,1200,50.0,2016-12-18,2016_50
Social Welfare,1300,50.0,2016-12-18,2016_50
Housing,1400,50.0,2016-12-18,2016_50
Domestic Commerce,1500,50.0,2016-12-18,2016_50
Defense,1600,50.0,2016-12-18,2016_50
Technology,1700,50.0,2016-12-18,2016_50
International Affairs,1900,50.0,2016-12-18,2016_50
Government Operations,2000,50.0,2016-12-18,2016_50
Public Lands,2100,50.0,2016-12-18,2016_50
Macroeconomics,100,50.0,2016-12-25,2016_51
Civil Rights,200,50.0,2016-12-25,2016_51
Health,300,50.0,2016-12-25,2016_51
Agriculture,400,50.0,2016-12-25,2016_51
Labor,500,50.0,2016-12-25,2016_51
Education,600,50.0,2016-12-25,2016_51
Environment,700,50.0,2016-12-25,2016_51
Energy,800,50.0,2016-12-25,2016_51
Transportation,1000,50.0,2016-12-25,2016_51
Law and Crime,1200,50.0,2016-12-25,2016_51
Social Welfare,1300,50.0,2016-12-25,2016_51
Housing,1400,50.0,2016-12-25,2016_51
Domestic Commerce,1500,50.0,2016-12-25,2016_51
Defense,1600,50.0,2016-12-25,2016_51
Technology,1700,50.0,2016-12-25,2016_51
International Affairs,1900,50.0,2016-12-25,2016_51
Government Operations,2000,50.0,2016-12-25,2016_51
Public Lands,2100,50.0,2016-12-25,2016_51
