bioGuideId,total_mentions,unique_orgs,avg_prominence,unique_policy_areas,memberName,party,state,chamber
A000055,3,3,0.0,0,"Aderholt, Robert B.",R,AL,H
A000360,289,92,0.49480968858131485,5,"Alexander, Lamar",R,TN,S
A000368,30,14,0.3,0,"Ayotte, Kelly",R,NH,S
A000370,33,8,0.5757575757575758,0,"Adams, Alma S.",D,NC,H
A000372,19,6,0.2631578947368421,1,"Allen, Rick W.",R,GA,H
A000373,5,3,0.0,0,"Ashford, Brad",D,NE,H
A000374,14,8,0.8571428571428571,1,"Abraham, Ralph Lee",R,LA,H
B000213,12,12,0.6666666666666666,1,"Barton, Joe",R,TX,H
B000490,44,25,0.0,2,"Bishop, Sanford D.",D,GA,H
B000574,75,22,0.64,1,"Blumenauer, Earl",D,OR,H
B000575,25,13,0.44,2,"Blunt, Roy",R,MO,S
B000589,1,1,0.0,0,"Boehner, John A.",R,OH,H
B000711,75,37,0.52,1,"Boxer, Barbara",D,CA,S
B000755,86,28,0.627906976744186,1,"Brady, Kevin",R,TX,H
B000911,29,15,0.0,1,"Brown, Corrine",D,FL,H
B000944,121,47,0.5619834710743802,1,"Brown, Sherrod",D,OH,S
B001135,4,4,0.5,0,"Burr, Richard",R,NC,S
B001227,3,2,0.0,0,"Brady, Robert A.",D,PA,H
B001230,45,12,0.6888888888888889,2,"Baldwin, Tammy",D,WI,S
B001236,6,6,0.0,1,"Boozman, John",R,AR,S
B001243,595,18,0.4151260504201681,2,"Blackburn, Marsha",R,TN,H
B001245,28,8,0.17857142857142858,0,"Bordallo, Madeleine Z.",D,GU,H
B001248,167,96,0.40718562874251496,4,"Burgess, Michael C.",R,TX,H
B001250,37,24,0.4594594594594595,3,"Bishop, Rob",R,UT,H
B001251,30,12,0.1,0,"Butterfield, G. K.",D,NC,H
B001255,5,5,0.2,0,"Boustany, Charles W., Jr.",R,LA,H
B001257,29,13,0.6896551724137931,0,"Bilirakis, Gus M.",R,FL,H
B001260,5,4,0.0,0,"Buchanan, Vern",R,FL,H
B001261,72,28,0.3888888888888889,4,"Barrasso, John",R,WY,S
B001267,27,11,0.25925925925925924,0,"Bennet, Michael F.",D,CO,S
B001269,12,6,0.16666666666666666,1,"Barletta, Lou",R,PA,H
B001270,9,5,0.0,0,"Bass, Karen",D,CA,H
B001271,7,6,0.7142857142857143,0,"Benishek, Dan",R,MI,H
B001273,8,3,0.5,0,"Black, Diane",R,TN,H
B001274,2,1,0.0,0,"Brooks, Mo",R,AL,H
B001277,54,13,0.37037037037037035,1,"Blumenthal, Richard",D,CT,S
B001278,5,5,0.8,0,"Bonamici, Suzanne",D,OR,H
B001281,36,12,0.5833333333333334,1,"Beatty, Joyce",D,OH,H
B001282,42,11,0.0,0,"Barr, Andy",R,KY,H
B001284,14,10,0.21428571428571427,2,"Brooks, Susan W.",R,IN,H
B001285,11,10,0.09090909090909091,0,"Brownley, Julia",D,CA,H
B001286,5,3,0.4,0,"Bustos, Cheri",D,IL,H
B001287,20,3,0.2,0,"Bera, Ami",D,CA,H
B001288,58,29,0.5344827586206896,4,"Booker, Cory A.",D,NJ,S
B001289,47,20,0.44680851063829785,4,"Byrne, Bradley",R,AL,H
B001291,3,3,0.0,0,"Babin, Brian",R,TX,H
B001292,12,4,0.25,0,"Beyer, Donald S.",D,VA,H
B001294,7,2,0.0,0,"Blum, Rod",R,IA,H
B001295,8,8,0.25,0,"Bost, Mike",R,IL,H
B001296,1,1,0.0,0,"Boyle, Brendan F.",D,PA,H
B001297,4,3,0.0,0,"Buck, Ken",R,CO,H
C000059,61,28,0.3770491803278688,2,"Calvert, Ken",R,CA,H
C000127,59,29,0.2542372881355932,3,"Cantwell, Maria",D,WA,S
C000141,109,46,0.47706422018348627,5,"Cardin, Benjamin L.",D,MD,S
C000174,48,15,0.5416666666666666,3,"Carper, Thomas R.",D,DE,S
C000266,12,4,0.3333333333333333,2,"Chabot, Steve",R,OH,H
C000537,14,11,0.2857142857142857,0,"Clyburn, James E.",D,SC,H
C000542,10,9,0.7,1,"Coats, Daniel",R,IN,S
C000567,5,5,0.4,2,"Cochran, Thad",R,MS,S
C000714,45,27,0.37777777777777777,1,"Conyers, John, Jr.",D,MI,H
C000754,6,1,0.0,0,"Cooper, Jim",D,TN,H
C000880,54,27,0.4444444444444444,1,"Crapo, Mike",R,ID,S
C001035,379,117,0.3562005277044855,7,"Collins, Susan M.",R,ME,S
C001036,18,12,0.4444444444444444,1,"Capps, Lois",D,CA,H
C001037,8,2,0.25,0,"Capuano, Michael E.",D,MA,H
C001038,2,1,0.0,0,"Crowley, Joseph",D,NY,H
C001045,62,17,0.08064516129032258,0,"Crenshaw, Ander",R,FL,H
C001047,19,16,0.8421052631578947,1,"Capito, Shelley Moore",R,WV,S
C001048,14,10,0.8571428571428571,1,"Culberson, John Abney",R,TX,H
C001049,8,7,0.0,0,"Clay, Wm. Lacy",D,MO,H
C001051,60,18,0.3,2,"Carter, John R.",R,TX,H
C001053,95,17,0.5368421052631579,2,"Cole, Tom",R,OK,H
C001056,151,91,0.6291390728476821,5,"Cornyn, John",R,TX,S
C001059,24,22,0.16666666666666666,0,"Costa, Jim",D,CA,H
C001061,5,5,0.0,0,"Cleaver, Emanuel",D,MO,H
C001062,71,24,0.30985915492957744,1,"Conaway, K. Michael",R,TX,H
C001063,8,4,0.0,0,"Cuellar, Henry",D,TX,H
C001066,37,11,0.32432432432432434,1,"Castor, Kathy",D,FL,H
C001068,21,9,0.3333333333333333,0,"Cohen, Steve",D,TN,H
C001069,27,19,0.2222222222222222,1,"Courtney, Joe",D,CT,H
C001070,58,38,0.3620689655172414,1,"Casey, Robert P., Jr.",D,PA,S
C001071,32,20,0.21875,4,"Corker, Bob",R,TN,S
C001072,4,2,0.25,0,"Carson, Andre",D,IN,H
C001075,22,17,0.5909090909090909,0,"Cassidy, Bill",R,LA,S
C001076,134,100,0.4925373134328358,3,"Chaffetz, Jason",R,UT,H
C001077,6,4,0.16666666666666666,0,"Coffman, Mike",R,CO,H
C001078,84,37,0.13095238095238096,0,"Connolly, Gerald E.",D,VA,H
C001080,4,4,0.0,0,"Chu, Judy",D,CA,H
C001084,8,6,0.625,0,"Cicilline, David N.",D,RI,H
C001087,5,3,0.0,1,"Crawford, Eric A. ""Rick""",R,AR,H
C001088,11,9,0.45454545454545453,1,"Coons, Christopher A.",D,DE,S
C001090,63,28,0.015873015873015872,0,"Cartwright, Matt",D,PA,H
C001091,2,1,0.0,0,"Castro, Joaquin",D,TX,H
C001092,7,4,0.0,0,"Collins, Chris",R,NY,H
C001093,141,62,0.75177304964539,5,"Collins, Doug",R,GA,H
C001094,14,3,0.07142857142857142,0,"Cook, Paul",R,CA,H
C001095,5,2,0.0,1,"Cotton, Tom",R,AR,S
C001096,10,9,0.9,1,"Cramer, Kevin",R,ND,H
C001097,13,6,0.46153846153846156,0,"Cardenas, Tony",D,CA,H
C001098,42,15,0.6904761904761905,0,"Cruz, Ted",R,TX,S
C001101,109,4,0.5137614678899083,0,"Clark, Katherine M.",D,MA,H
C001103,33,16,0.2727272727272727,1,"Carter, Earl L. ""Buddy""",R,GA,H
C001105,8,6,0.125,0,"Comstock, Barbara",R,VA,H
C001106,22,18,0.8181818181818182,2,"Costello, Ryan A.",R,PA,H
C001107,12,5,0.5,1,"Curbelo, Carlos",R,FL,H
D000096,6,5,0.0,0,"Davis, Danny K.",D,IL,H
D000191,6,5,0.3333333333333333,1,"DeFazio, Peter A.",D,OR,H
D000197,10,5,0.3,0,"DeGette, Diana",D,CO,H
D000216,20,8,0.2,0,"DeLauro, Rosa L.",D,CT,H
D000399,2,2,0.0,0,"Doggett, Lloyd",D,TX,H
D000482,14,3,0.2857142857142857,0,"Doyle, Michael F.",D,PA,H
D000533,8,8,0.125,0,"Duncan, John J., Jr.",R,TN,H
D000563,326,110,0.5705521472392638,9,"Durbin, Richard J.",D,IL,S
D000598,2,2,1.0,0,"Davis, Susan A.",D,CA,H
D000600,72,35,0.375,1,"Diaz-Balart, Mario",R,FL,H
D000604,29,11,0.6206896551724138,1,"Dent, Charles W.",R,PA,H
D000607,15,6,0.13333333333333333,0,"Donnelly, Joe",D,IN,S
D000610,23,10,0.0,0,"Deutch, Theodore E.",D,FL,H
D000612,22,15,0.0,0,"Denham, Jeff",R,CA,H
D000613,13,12,0.3076923076923077,0,"Dold, Robert J.",R,IL,H
D000614,227,6,0.6519823788546255,0,"Duffy, Sean P.",R,WI,H
D000615,2,2,0.5,0,"Duncan, Jeff",R,SC,H
D000617,4,4,0.0,0,"DelBene, Suzan K.",D,WA,H
D000618,55,28,0.38181818181818183,4,"Daines, Steve",R,MT,S
D000619,4,4,0.0,0,"Davis, Rodney",R,IL,H
D000622,1,1,0.0,0,"Duckworth, Tammy",D,IL,H
D000623,19,9,0.10526315789473684,0,"DeSaulnier, Mark",D,CA,H
D000624,33,12,0.030303030303030304,0,"Dingell, Debbie",D,MI,H
D000625,6,2,0.0,1,"Donovan, Daniel M., Jr.",R,NY,H
E000179,44,14,0.20454545454545456,0,"Engel, Eliot L.",D,NY,H
E000215,58,9,0.0,0,"Eshoo, Anna G.",D,CA,H
E000285,222,30,0.49099099099099097,1,"Enzi, Michael B.",R,WY,S
E000288,48,12,0.125,0,"Ellison, Keith",D,MN,H
E000290,26,10,0.38461538461538464,0,"Edwards, Donna F.",D,MD,H
E000293,12,7,0.4166666666666667,0,"Esty, Elizabeth H.",D,CT,H
E000294,11,11,0.09090909090909091,0,"Emmer, Tom",R,MN,H
E000295,2,2,0.5,1,"Ernst, Joni",R,IA,S
F000030,23,11,0.0,0,"Farr, Sam",D,CA,H
F000062,213,91,0.4084507042253521,9,"Feinstein, Dianne",D,CA,S
F000372,65,20,0.23076923076923078,1,"Frelinghuysen, Rodney P.",R,NJ,H
F000444,7,6,1.0,3,"Flake, Jeff",R,AZ,S
F000448,43,3,0.9534883720930233,0,"Franks, Trent",R,AZ,H
F000449,18,5,0.6666666666666666,0,"Fortenberry, Jeff",R,NE,H
F000450,901,31,0.40843507214206437,4,"Foxx, Virginia",R,NC,H
F000451,25,18,0.12,1,"Fitzpatrick, Michael G.",R,PA,H
F000454,15,13,0.3333333333333333,0,"Foster, Bill",D,IL,H
F000455,3,2,0.0,0,"Fudge, Marcia L.",D,OH,H
F000456,10,2,0.6,0,"Fleming, John",R,LA,H
F000457,12,10,0.75,3,"Franken, Al",D,MN,S
F000458,30,21,0.6,1,"Fincher, Stephen Lee",R,TN,H
F000459,2,2,0.5,0,"Fleischmann, Charles J. ""Chuck""",R,TN,H
F000460,14,1,0.14285714285714285,0,"Farenthold, Blake",R,TX,H
F000461,10,8,0.0,0,"Flores, Bill",R,TX,H
F000462,20,10,0.15,0,"Frankel, Lois",D,FL,H
F000463,11,4,0.18181818181818182,2,"Fischer, Deb",R,NE,S
G000289,509,138,0.6660117878192534,4,"Goodlatte, Bob",R,VA,H
G000359,2,2,0.0,0,"Graham, Lindsey",R,SC,S
G000386,164,92,0.6402439024390244,3,"Grassley, Chuck",R,IA,S
G000410,4,4,1.0,0,"Green, Gene",D,TX,H
G000535,13,5,0.6923076923076923,0,"Gutierrez, Luis V.",D,IL,H
G000546,145,5,0.020689655172413793,0,"Graves, Sam",R,MO,H
G000548,2,2,1.0,1,"Garrett, Scott",R,NJ,H
G000551,10,9,0.3,0,"Grijalva, Raul M.",D,AZ,H
G000552,192,34,0.7395833333333334,0,"Gohmert, Louie",R,TX,H
G000553,263,12,0.7224334600760456,1,"Green, Al",D,TX,H
G000555,2,2,0.0,0,"Gillibrand, Kirsten E.",D,NY,S
G000556,24,15,0.3333333333333333,1,"Grayson, Alan",D,FL,H
G000558,44,14,0.5681818181818182,2,"Guthrie, Brett",R,KY,H
G000559,38,19,0.5526315789473685,2,"Garamendi, John",D,CA,H
G000560,4,4,0.25,1,"Graves, Tom",R,GA,H
G000562,11,7,0.2727272727272727,2,"Gardner, Cory",R,CO,S
G000563,43,21,0.5116279069767442,1,"Gibbs, Bob",R,OH,H
G000564,7,5,0.0,0,"Gibson, Christopher P.",R,NY,H
G000565,7,6,0.14285714285714285,0,"Gosar, Paul A.",R,AZ,H
G000568,12,7,0.0,0,"Griffith, H. Morgan",R,VA,H
G000570,18,9,0.2777777777777778,0,"Guinta, Frank C.",R,NH,H
G000571,4,2,0.25,0,"Gabbard, Tulsi",D,HI,H
G000574,25,11,0.44,1,"Gallego, Ruben",D,AZ,H
G000575,4,3,0.5,0,"Graham, Gwen",D,FL,H
G000577,16,10,0.625,1,"Graves, Garret",R,LA,H
H000324,33,14,0.0,1,"Hastings, Alcee L.",D,FL,H
H000338,552,170,0.5471014492753623,6,"Hatch, Orrin G.",R,UT,S
H000636,2,2,0.0,0,"Hinojosa, Ruben",D,TX,H
H000874,30,10,0.43333333333333335,0,"Hoyer, Steny H.",D,MD,H
H001034,35,17,0.05714285714285714,0,"Honda, Michael M.",D,CA,H
H001036,163,71,0.754601226993865,5,"Hensarling, Jeb",R,TX,H
H001038,33,22,0.09090909090909091,0,"Higgins, Brian",D,NY,H
H001041,116,36,0.22413793103448276,3,"Heller, Dean",R,NV,S
H001042,17,6,0.5882352941176471,1,"Hirono, Mazie K.",D,HI,S
H001046,2,2,1.0,0,"Heinrich, Martin",D,NM,S
H001048,19,6,0.0,1,"Hunter, Duncan D.",R,CA,H
H001052,2,2,1.0,0,"Harris, Andy",R,MD,H
H001053,4,3,0.25,0,"Hartzler, Vicky",R,MO,H
H001055,1,1,0.0,0,"Heck, Joseph J.",R,NV,H
H001056,3,1,1.0,0,"Herrera Beutler, Jaime",R,WA,H
H001057,13,3,0.8461538461538461,0,"Huelskamp, Tim",R,KS,H
H001058,16,8,0.5,2,"Huizenga, Bill",R,MI,H
H001059,10,3,0.4,0,"Hultgren, Randy",R,IL,H
H001060,4,4,0.75,1,"Hurt, Robert",R,VA,H
H001061,60,32,0.6166666666666667,2,"Hoeven, John",R,ND,S
H001063,10,4,0.9,0,"Hahn, Janice",D,CA,H
H001064,8,2,0.0,0,"Heck, Denny",D,WA,H
H001065,8,5,0.0,0,"Holding, George",R,NC,H
H001067,22,17,0.0,0,"Hudson, Richard",R,NC,H
H001068,28,15,0.07142857142857142,0,"Huffman, Jared",D,CA,H
H001069,92,18,0.6195652173913043,4,"Heitkamp, Heidi",D,ND,S
H001070,1,1,1.0,0,"Hardy, Cresent",R,NV,H
H001071,7,6,0.5714285714285714,0,"Hice, Jody B.",R,GA,H
H001072,3,2,0.0,0,"Hill, J. French",R,AR,H
H001073,24,8,0.5,1,"Hurd, Will",R,TX,H
I000024,105,27,0.5523809523809524,4,"Inhofe, James M.",R,OK,S
I000055,90,29,0.5555555555555556,4,"Isakson, Johnny",R,GA,S
I000056,2,2,0.0,0,"Issa, Darrell",R,CA,H
I000057,4,1,1.0,0,"Israel, Steve",D,NY,H
J000032,107,37,0.34579439252336447,4,"Jackson Lee, Sheila",D,TX,H
J000126,23,14,0.30434782608695654,1,"Johnson, Eddie Bernice",D,TX,H
J000174,12,2,0.8333333333333334,0,"Johnson, Sam",R,TX,H
J000255,2,2,0.5,0,"Jones, Walter B., Jr.",R,NC,H
J000288,17,8,0.0,0,"Johnson, Henry C. ""Hank""",D,GA,H
J000289,6,2,0.0,0,"Jordan, Jim",R,OH,H
J000292,1,1,1.0,0,"Johnson, Bill",R,OH,H
J000293,1,1,0.0,1,"Johnson, Ron",R,WI,S
J000294,9,6,0.6666666666666666,0,"Jeffries, Hakeem S.",D,NY,H
J000296,10,7,0.2,0,"Jolly, David W.",R,FL,H
J000297,22,3,0.6363636363636364,0,"Jenkins, Evan H.",R,WV,H
K000009,37,14,0.16216216216216217,1,"Kaptur, Marcy",D,OH,H
K000188,14,3,0.0,0,"Kind, Ron",D,WI,H
K000210,2,1,1.0,1,"King, Peter T.",R,NY,H
K000360,20,12,0.6,2,"Kirk, Mark Steven",R,IL,S
K000362,41,3,0.8048780487804879,0,"King, Steve",R,IA,H
K000363,113,63,0.18584070796460178,3,"Kline, John",R,MN,H
K000367,16,5,0.0,1,"Klobuchar, Amy",D,MN,S
K000375,24,12,0.4166666666666667,0,"Keating, William R.",D,MA,H
K000376,6,6,0.0,0,"Kelly, Mike",R,PA,H
K000378,2,1,0.0,0,"Kinzinger, Adam",R,IL,H
K000379,26,14,0.34615384615384615,1,"Kennedy, Joseph P., III",D,MA,H
K000380,30,8,0.5333333333333333,0,"Kildee, Daniel T.",D,MI,H
K000381,6,5,0.16666666666666666,0,"Kilmer, Derek",D,WA,H
K000382,14,4,0.07142857142857142,0,"Kuster, Ann M.",D,NH,H
K000383,18,9,0.05555555555555555,0,"King, Angus S., Jr.",I,ME,S
K000384,21,9,0.42857142857142855,4,"Kaine, Tim",D,VA,S
K000385,25,13,0.88,2,"Kelly, Robin L.",D,IL,H
K000386,9,8,0.0,1,"Katko, John",R,NY,H
K000387,1,1,0.0,0,"Knight, Stephen",R,CA,H
K000388,4,4,0.5,0,"Kelly, Trent",R,MS,H
L000174,577,251,0.45753899480069327,5,"Leahy, Patrick J.",D,VT,S
L000263,18,9,0.2222222222222222,1,"Levin, Sander M.",D,MI,H
L000287,1,1,0.0,0,"Lewis, John",D,GA,H
L000397,38,10,0.34210526315789475,1,"Lofgren, Zoe",D,CA,H
L000480,8,5,0.0,0,"Lowey, Nita M.",D,NY,H
L000491,41,25,0.43902439024390244,1,"Lucas, Frank D.",R,OK,H
L000551,62,26,0.43548387096774194,1,"Lee, Barbara",D,CA,H
L000554,1,1,0.0,0,"LoBiondo, Frank A.",R,NJ,H
L000557,9,5,0.5555555555555556,1,"Larson, John B.",D,CT,H
L000559,7,4,0.14285714285714285,1,"Langevin, James R.",D,RI,H
L000560,1,1,0.0,0,"Larsen, Rick",D,WA,H
L000562,4,2,0.0,0,"Lynch, Stephen F.",D,MA,H
L000563,13,8,0.07692307692307693,0,"Lipinski, Daniel",D,IL,H
L000564,13,9,0.5384615384615384,2,"Lamborn, Doug",R,CO,H
L000565,6,1,0.3333333333333333,0,"Loebsack, David",D,IA,H
L000566,4,3,0.0,0,"Latta, Robert E.",R,OH,H
L000567,5,4,0.6,0,"Lance, Leonard",R,NJ,H
L000569,70,31,0.38571428571428573,3,"Luetkemeyer, Blaine",R,MO,H
L000570,16,2,0.0,0,"Lujan, Ben Ray",D,NM,H
L000571,13,7,0.6153846153846154,1,"Lummis, Cynthia M.",R,WY,H
L000573,10,2,0.8,0,"Labrador, Raul R.",R,ID,H
L000575,20,10,0.65,1,"Lankford, James",R,OK,S
L000576,16,11,0.0,0,"Long, Billy",R,MO,H
L000577,187,37,0.3850267379679144,3,"Lee, Mike",R,UT,S
L000578,34,7,0.47058823529411764,0,"LaMalfa, Doug",R,CA,H
L000579,27,9,0.3333333333333333,0,"Lowenthal, Alan S.",D,CA,H
L000580,10,5,0.0,0,"Lujan Grisham, Michelle",D,NM,H
L000581,8,4,0.125,0,"Lawrence, Brenda L.",D,MI,H
L000582,14,5,0.0,0,"Lieu, Ted",D,CA,H
L000583,13,4,0.0,0,"Loudermilk, Barry",R,GA,H
L000584,8,2,0.0,0,"Love, Mia B.",R,UT,H
L000585,3,3,0.0,0,"LaHood, Darin",R,IL,H
M000087,40,11,0.5,0,"Maloney, Carolyn B.",D,NY,H
M000133,63,12,0.49206349206349204,0,"Markey, Edward J.",D,MA,S
M000303,184,127,0.625,3,"McCain, John",R,AZ,S
M000312,34,17,0.5882352941176471,0,"McGovern, James P.",D,MA,H
M000355,657,182,0.4383561643835616,10,"McConnell, Mitch",R,KY,S
M000404,7,6,0.14285714285714285,0,"McDermott, Jim",D,WA,H
M000639,40,14,0.5,2,"Menendez, Robert",D,NJ,S
M000689,60,9,0.0,0,"Mica, John L.",R,FL,H
M000702,49,21,0.5510204081632653,2,"Mikulski, Barbara A.",D,MD,S
M000934,58,23,0.10344827586206896,3,"Moran, Jerry",R,KS,S
M001111,69,18,0.4927536231884058,3,"Murray, Patty",D,WA,S
M001137,15,4,0.0,0,"Meeks, Gregory W.",D,NY,H
M001143,20,5,0.25,1,"McCollum, Betty",D,MN,H
M001144,95,33,0.45263157894736844,3,"Miller, Jeff",R,FL,H
M001150,10,2,0.1,0,"Miller, Candice S.",R,MI,H
M001151,5,4,1.0,0,"Murphy, Tim",R,PA,H
M001153,250,94,0.324,6,"Murkowski, Lisa",R,AK,S
M001157,6,1,0.0,0,"McCaul, Michael T.",R,TX,H
M001158,52,20,0.17307692307692307,0,"Marchant, Kenny",R,TX,H
M001160,33,10,0.15151515151515152,0,"Moore, Gwen",D,WI,H
M001163,26,8,0.23076923076923078,0,"Matsui, Doris O.",D,CA,H
M001165,45,28,0.5777777777777777,3,"McCarthy, Kevin",R,CA,H
M001166,12,5,0.0,0,"McNerney, Jerry",D,CA,H
M001169,8,3,0.0,0,"Murphy, Christopher",D,CT,S
M001170,29,10,0.06896551724137931,1,"McCaskill, Claire",D,MO,S
M001176,44,28,0.5681818181818182,1,"Merkley, Jeff",D,OR,S
M001177,44,17,0.13636363636363635,3,"McClintock, Tom",R,CA,H
M001179,65,34,0.5846153846153846,1,"Marino, Tom",R,PA,H
M001180,2,2,1.0,0,"McKinley, David B.",R,WV,H
M001181,5,4,0.0,0,"Meehan, Patrick",R,PA,H
M001182,12,2,0.6666666666666666,0,"Mulvaney, Mick",R,SC,H
M001183,33,6,0.0,0,"Manchin, Joe, III",D,WV,S
M001184,1,1,0.0,0,"Massie, Thomas",R,KY,H
M001185,1,1,0.0,0,"Maloney, Sean Patrick",D,NY,H
M001189,5,5,0.2,0,"Messer, Luke",R,IN,H
M001191,5,4,0.4,0,"Murphy, Patrick",D,FL,H
M001193,4,4,0.5,1,"MacArthur, Thomas",R,NJ,H
M001194,8,3,0.0,1,"Moolenaar, John R.",R,MI,H
M001195,49,14,0.673469387755102,0,"Mooney, Alexander X.",R,WV,H
M001196,1,1,1.0,0,"Moulton, Seth",D,MA,H
M001197,8,7,0.125,1,"McSally, Martha",R,AZ,H
N000015,11,5,0.09090909090909091,0,"Neal, Richard E.",D,MA,H
N000032,25,12,0.64,1,"Nelson, Bill",D,FL,S
N000127,9,4,0.4444444444444444,0,"Nolan, Richard M.",D,MN,H
N000147,35,22,0.17142857142857143,1,"Norton, Eleanor Holmes",D,DC,H
N000179,5,4,0.2,1,"Napolitano, Grace F.",D,CA,H
N000181,15,3,0.0,1,"Nunes, Devin",R,CA,H
N000182,101,31,0.2079207920792079,3,"Neugebauer, Randy",R,TX,H
N000184,3,1,1.0,0,"Noem, Kristi L.",R,SD,H
N000188,18,11,0.0,0,"Norcross, Donald",D,NJ,H
N000189,124,72,0.532258064516129,5,"Newhouse, Dan",R,WA,H
O000168,52,15,0.057692307692307696,0,"Olson, Pete",R,TX,H
O000170,9,3,0.1111111111111111,0,"O'Rourke, Beto",D,TX,H
P000034,11,8,0.0,0,"Pallone, Frank",D,NJ,H
P000096,6,3,0.16666666666666666,0,"Pascrell, Bill, Jr.",D,NJ,H
P000197,16,9,0.0625,0,"Pelosi, Nancy",D,CA,H
P000373,399,75,0.45614035087719296,3,"Pitts, Joseph R.",R,PA,H
P000449,111,21,0.34234234234234234,3,"Portman, Rob",R,OH,S
P000523,10,7,0.1,0,"Price, David E.",D,NC,H
P000588,9,5,0.4444444444444444,1,"Pearce, Stevan",R,NM,H
P000591,546,33,0.6117216117216118,1,"Price, Tom",R,GA,H
P000592,29,15,0.20689655172413793,3,"Poe, Ted",R,TX,H
P000593,22,10,0.22727272727272727,1,"Perlmutter, Ed",D,CO,H
P000594,3,3,1.0,0,"Paulsen, Erik",R,MN,H
P000595,21,10,0.0,0,"Peters, Gary C.",D,MI,S
P000596,4,2,0.25,0,"Pierluisi, Pedro R.",D,PR,H
P000597,1,1,0.0,0,"Pingree, Chellie",D,ME,H
P000598,2,2,1.0,0,"Polis, Jared",D,CO,H
P000599,1,1,1.0,0,"Posey, Bill",R,FL,H
P000601,22,9,0.5454545454545454,2,"Palazzo, Steven M.",R,MS,H
P000602,14,5,0.6428571428571429,1,"Pompeo, Mike",R,KS,H
P000603,15,13,0.6,2,"Paul, Rand",R,KY,S
P000604,16,11,0.3125,1,"Payne, Donald M., Jr.",D,NJ,H
P000605,10,4,0.6,0,"Perry, Scott",R,PA,H
P000606,43,8,0.5813953488372093,1,"Pittenger, Robert",R,NC,H
P000607,8,5,0.25,0,"Pocan, Mark",D,WI,H
P000608,5,5,0.6,1,"Peters, Scott H.",D,CA,H
P000611,8,6,0.25,0,"Poliquin, Bruce",R,ME,H
P000612,13,7,0.15384615384615385,1,"Perdue, David",R,GA,S
Q000023,33,9,0.30303030303030304,1,"Quigley, Mike",D,IL,H
R000053,34,16,0.11764705882352941,0,"Rangel, Charles B.",D,NY,H
R000122,220,87,0.5227272727272727,6,"Reed, Jack",D,RI,S
R000146,1226,126,0.4559543230016313,8,"Reid, Harry",D,NV,S
R000307,7,6,0.8571428571428571,2,"Roberts, Pat",R,KS,S
R000395,161,50,0.13664596273291926,1,"Rogers, Harold",R,KY,H
R000409,33,29,0.18181818181818182,1,"Rohrabacher, Dana",R,CA,H
R000435,35,17,0.2571428571428571,0,"Ros-Lehtinen, Ileana",R,FL,H
R000486,22,12,0.2727272727272727,1,"Roybal-Allard, Lucille",D,CA,H
R000487,51,15,0.6470588235294118,5,"Royce, Edward R.",R,CA,H
R000515,5,5,0.0,0,"Rush, Bobby L.",D,IL,H
R000570,194,67,0.4484536082474227,1,"Ryan, Paul D.",R,WI,H
R000575,19,14,0.0,0,"Rogers, Mike D.",R,AL,H
R000576,6,6,0.0,0,"Ruppersberger, C. A. Dutch",D,MD,H
R000577,42,26,0.5,1,"Ryan, Tim",D,OH,H
R000578,10,9,0.8,0,"Reichert, David G.",R,WA,H
R000580,4,2,0.25,0,"Roskam, Peter J.",R,IL,H
R000582,50,9,0.5,1,"Roe, David P.",R,TN,H
R000583,2,2,0.0,0,"Rooney, Thomas J.",R,FL,H
R000584,1,1,0.0,1,"Risch, James E.",R,ID,S
R000585,10,7,0.0,1,"Reed, Tom",R,NY,H
R000586,4,1,0.0,0,"Renacci, James B.",R,OH,H
R000587,3,3,0.0,0,"Ribble, Reid J.",R,WI,H
R000588,12,6,0.16666666666666666,0,"Richmond, Cedric L.",D,LA,H
R000591,99,5,0.36363636363636365,0,"Roby, Martha",R,AL,H
R000592,5,4,0.0,1,"Rokita, Todd",R,IN,H
R000595,5,3,0.0,0,"Rubio, Marco",R,FL,S
R000598,9,6,0.5555555555555556,1,"Rothfus, Keith J.",R,PA,H
R000599,34,16,0.08823529411764706,1,"Ruiz, Raul",D,CA,H
R000600,2,2,1.0,1,"Radewagen, Aumua Amata Coleman",R,AS,H
R000601,4,4,0.5,1,"Ratcliffe, John",R,TX,H
R000602,3,3,0.0,0,"Rice, Kathleen M.",D,NY,H
R000603,1,1,0.0,0,"Rouzer, David",R,NC,H
R000604,14,6,0.0,0,"Russell, Steve",R,OK,H
S000030,18,10,0.05555555555555555,0,"Sanchez, Loretta",D,CA,H
S000033,162,84,0.5802469135802469,2,"Sanders, Bernard",I,VT,S
S000051,2,2,1.0,0,"Sanford, Mark",R,SC,H
S000148,4,3,1.0,1,"Schumer, Charles E.",D,NY,S
S000244,3,2,0.3333333333333333,1,"Sensenbrenner, F. James, Jr.",R,WI,H
S000248,2,2,0.0,0,"Serrano, Jose E.",D,NY,H
S000250,23,12,0.6086956521739131,4,"Sessions, Pete",R,TX,H
S000320,3,3,0.0,0,"Shelby, Richard C.",R,AL,S
S000344,4,2,1.0,0,"Sherman, Brad",D,CA,H
S000364,31,17,0.4838709677419355,1,"Shimkus, John",R,IL,H
S000480,19,8,0.3157894736842105,0,"Slaughter, Louise McIntosh",D,NY,H
S000510,35,10,0.05714285714285714,0,"Smith, Adam",D,WA,H
S000522,146,31,0.5273972602739726,3,"Smith, Christopher H.",R,NJ,H
S000583,133,69,0.3458646616541353,2,"Smith, Lamar",R,TX,H
S000770,13,7,0.7692307692307693,1,"Stabenow, Debbie",D,MI,S
S001141,20,15,0.4,1,"Sessions, Jeff",R,AL,S
S001145,21,9,0.2857142857142857,0,"Schakowsky, Janice D.",D,IL,H
S001148,11,10,0.8181818181818182,2,"Simpson, Michael K.",R,ID,H
S001150,34,17,0.058823529411764705,0,"Schiff, Adam B.",D,CA,H
S001154,375,148,0.648,3,"Shuster, Bill",R,PA,H
S001156,2,2,0.5,0,"Sanchez, Linda T.",D,CA,H
S001157,6,6,0.0,0,"Scott, David",D,GA,H
S001168,6,5,0.3333333333333333,0,"Sarbanes, John P.",D,MD,H
S001172,5,3,1.0,1,"Smith, Adrian",R,NE,H
S001175,32,19,0.0625,0,"Speier, Jackie",D,CA,H
S001176,6,2,0.3333333333333333,0,"Scalise, Steve",R,LA,H
S001177,3,2,0.0,0,"Sablan, Gregorio Kilili Camacho",D,MP,H
S001181,83,20,0.6265060240963856,2,"Shaheen, Jeanne",D,NH,S
S001184,4,4,0.0,0,"Scott, Tim",R,SC,S
S001185,22,8,0.4090909090909091,0,"Sewell, Terri A.",D,AL,H
S001187,42,23,0.42857142857142855,1,"Stivers, Steve",R,OH,H
S001188,9,4,0.2222222222222222,0,"Stutzman, Marlin A.",R,IN,H
S001189,3,2,0.0,0,"Scott, Austin",R,GA,H
S001191,24,23,0.9166666666666666,1,"Sinema, Kyrsten",D,AZ,H
S001193,24,11,0.125,0,"Swalwell, Eric",D,CA,H
S001194,7,7,0.0,0,"Schatz, Brian",D,HI,S
S001195,66,11,0.0,0,"Smith, Jason",R,MO,H
S001196,2,2,0.0,0,"Stefanik, Elise M.",R,NY,H
S001197,2,1,0.0,0,"Sasse, Ben",R,NE,S
S001198,17,14,0.5294117647058824,2,"Sullivan, Dan",R,AK,S
T000193,104,54,0.09615384615384616,2,"Thompson, Bennie G.",D,MS,H
T000238,414,62,0.004830917874396135,1,"Thornberry, Mac",R,TX,H
T000250,26,18,0.15384615384615385,4,"Thune, John",R,SD,S
T000460,21,14,0.09523809523809523,0,"Thompson, Mike",D,CA,H
T000461,21,15,0.2857142857142857,1,"Toomey, Patrick",R,PA,S
T000462,15,10,0.2,1,"Tiberi, Patrick J.",R,OH,H
T000463,3,3,0.6666666666666666,0,"Turner, Michael R.",R,OH,H
T000464,8,6,0.25,1,"Tester, Jon",D,MT,S
T000465,8,2,0.0,0,"Tsongas, Niki",D,MA,H
T000467,61,22,0.26229508196721313,1,"Thompson, Glenn",R,PA,H
T000468,4,3,0.25,0,"Titus, Dina",D,NV,H
T000469,2,2,0.0,0,"Tonko, Paul",D,NY,H
T000470,4,4,0.0,0,"Tipton, Scott R.",R,CO,H
T000472,2,2,0.5,0,"Takano, Mark",D,CA,H
T000473,4,3,0.0,0,"Takai, Mark",D,HI,H
T000474,1,1,0.0,0,"Torres, Norma J.",D,CA,H
T000475,2,2,0.0,0,"Trott, David A.",R,MI,H
T000476,26,14,0.46153846153846156,2,"Tillis, Thomas",R,NC,S
U000031,54,16,0.25925925925925924,2,"Upton, Fred",R,MI,H
U000039,10,8,0.6,0,"Udall, Tom",D,NM,S
V000081,3,3,0.0,0,"Velazquez, Nydia M.",D,NY,H
V000108,40,20,0.1,0,"Visclosky, Peter J.",D,IN,H
V000127,65,18,0.26153846153846155,2,"Vitter, David",R,LA,S
V000128,36,25,0.5277777777777778,0,"Van Hollen, Chris",D,MD,H
V000129,9,4,0.0,0,"Valadao, David G.",R,CA,H
V000130,3,3,0.0,0,"Vargas, Juan",D,CA,H
V000131,91,19,0.21978021978021978,0,"Veasey, Marc A.",D,TX,H
V000132,2,1,0.0,0,"Vela, Filemon",D,TX,H
W000187,11,9,0.6363636363636364,1,"Waters, Maxine",D,CA,H
W000413,27,18,0.8888888888888888,1,"Whitfield, Ed",R,KY,H
W000437,21,12,0.47619047619047616,3,"Wicker, Roger F.",R,MS,S
W000779,237,131,0.48945147679324896,5,"Wyden, Ron",D,OR,S
W000791,13,8,0.23076923076923078,1,"Walden, Greg",R,OR,H
W000795,26,19,0.038461538461538464,0,"Wilson, Joe",R,SC,H
W000796,4,3,0.25,0,"Westmoreland, Lynn A.",R,GA,H
W000798,15,6,0.7333333333333333,1,"Walberg, Tim",R,MI,H
W000799,2,2,1.0,0,"Walz, Timothy J.",D,MN,H
W000800,10,2,0.0,0,"Welch, Peter",D,VT,H
W000802,57,26,0.7543859649122807,2,"Whitehouse, Sheldon",D,RI,S
W000804,17,13,0.23529411764705882,1,"Wittman, Robert J.",R,VA,H
W000805,11,7,0.18181818181818182,1,"Warner, Mark R.",D,VA,S
W000806,22,6,0.09090909090909091,0,"Webster, Daniel",R,FL,H
W000810,239,56,0.602510460251046,4,"Woodall, Rob",R,GA,H
W000812,23,5,0.6521739130434783,0,"Wagner, Ann",R,MO,H
W000813,14,8,0.14285714285714285,0,"Walorski, Jackie",R,IN,H
W000814,1,1,0.0,0,"Weber, Randy K. Sr.",R,TX,H
W000815,19,10,0.5263157894736842,0,"Wenstrup, Brad R.",R,OH,H
W000816,12,3,0.5,0,"Williams, Roger",R,TX,H
W000817,37,10,0.24324324324324326,2,"Warren, Elizabeth",D,MA,S
W000819,7,5,0.7142857142857143,1,"Walker, Mark",R,NC,H
W000820,5,5,0.0,0,"Walters, Mimi",R,CA,H
W000821,30,16,0.7,1,"Westerman, Bruce",R,AR,H
W000822,73,18,0.7123287671232876,2,"Watson Coleman, Bonnie",D,NJ,H
Y000033,51,16,0.7254901960784313,2,"Young, Don",R,AK,H
Y000063,6,4,0.8333333333333334,0,"Yoder, Kevin",R,KS,H
Y000064,25,10,0.48,0,"Young, Todd",R,IN,H
Y000065,1,1,0.0,0,"Yoho, Ted S.",R,FL,H
Y000066,189,36,0.015873015873015872,0,"Young, David",R,IA,H
Z000017,11,10,0.36363636363636365,2,"Zeldin, Lee M.",R,NY,H
Z000018,1,1,0.0,0,"Zinke, Ryan K.",R,MT,H
