bioguide_id,first_name,last_name,congress,chamber,party,state,district,terms_served_before,terms_served_total,years_in_congress,first_term_start,up_for_reelection,senate_class,gender,birthday
A000374,Ralph,Abraham,114,house,Republican,LA,5,0,0,0.0,2015-01-06,1,,M,1954-09-16
A000370,Alma,Adams,114,house,Democrat,NC,12,1,1,0.2,2014-11-12,1,,F,1946-05-27
A000055,Robert,Aderholt,114,house,Republican,AL,4,9,9,18.0,1997-01-07,1,,M,1965-07-22
A000371,Pete,Aguilar,114,house,Democrat,CA,31,0,0,0.0,2015-01-06,1,,M,1979-06-19
A000372,Rick,Allen,114,house,Republican,GA,12,0,0,0.0,2015-01-06,1,,M,1951-11-07
A000367,Justin,Amash,114,house,Republican,MI,3,2,2,4.0,2011-01-05,1,,M,1980-04-18
A000369,Mark,Amodei,114,house,Republican,NV,2,2,2,3.3,2011-09-13,1,,M,1958-06-12
A000373,Brad,Ashford,114,house,Democrat,NE,2,0,0,0.0,2015-01-06,1,,M,1949-11-10
B001291,Brian,Babin,114,house,Republican,TX,36,0,0,0.0,2015-01-06,1,,M,1948-03-23
B001269,Lou,Barletta,114,house,Republican,PA,11,2,2,4.0,2011-01-05,1,,M,1956-01-28
B001282,Garland,Barr,114,house,Republican,KY,6,1,1,2.0,2013-01-03,1,,M,1973-07-24
B000213,Joe,Barton,114,house,Republican,TX,6,15,15,30.0,1985-01-03,1,,M,1949-09-15
B001270,Karen,Bass,114,house,Democrat,CA,37,2,2,4.0,2011-01-05,1,,F,1953-10-03
B001281,Joyce,Beatty,114,house,Democrat,OH,3,1,1,2.0,2013-01-03,1,,F,1950-03-12
B000287,Xavier,Becerra,114,house,Democrat,CA,34,11,11,22.0,1993-01-05,1,,M,1958-01-26
B001271,Dan,Benishek,114,house,Republican,MI,1,2,2,4.0,2011-01-05,1,,M,1952-04-20
B001287,Ami,Bera,114,house,Democrat,CA,7,1,1,2.0,2013-01-03,1,,M,1965-03-02
B001292,Donald,Beyer,114,house,Democrat,VA,8,0,0,0.0,2015-01-06,1,,M,1950-06-20
B001257,Gus,Bilirakis,114,house,Republican,FL,12,4,4,8.0,2007-01-04,1,,M,1963-02-08
B000490,Sanford,Bishop,114,house,Democrat,GA,2,11,11,22.0,1993-01-05,1,,M,1947-02-04
B001293,Mike,Bishop,114,house,Republican,MI,8,0,0,0.0,2015-01-06,1,,M,1967-03-18
B001250,Rob,Bishop,114,house,Republican,UT,1,6,6,12.0,2003-01-07,1,,M,1951-07-13
B001273,Diane,Black,114,house,Republican,TN,6,2,2,4.0,2011-01-05,1,,F,1951-01-16
B001243,Marsha,Blackburn,114,house,Republican,TN,7,6,6,12.0,2003-01-07,1,,F,1952-06-06
B001294,Rod,Blum,114,house,Republican,IA,1,0,0,0.0,2015-01-06,1,,M,1955-04-26
B000574,Earl,Blumenauer,114,house,Democrat,OR,3,10,10,18.6,1996-05-21,1,,M,1948-08-16
B000589,John,Boehner,114,house,Republican,OH,8,12,12,24.0,1991-01-03,1,,M,1949-11-17
B001278,Suzanne,Bonamici,114,house,Democrat,OR,1,2,2,2.9,2012-02-07,1,,F,1954-10-14
B001245,Madeleine,Bordallo,114,house,Democrat,GU,0,6,6,12.0,2003-01-07,1,,F,1933-05-31
B001295,Mike,Bost,114,house,Republican,IL,12,0,0,0.0,2015-01-06,1,,M,1960-12-30
B001255,Charles,Boustany,114,house,Republican,LA,3,5,5,10.0,2005-01-04,1,,M,1956-02-21
B001296,Brendan,Boyle,114,house,Democrat,PA,13,0,0,0.0,2015-01-06,1,,M,1977-02-06
B001227,Robert,Brady,114,house,Democrat,PA,1,9,9,16.6,1998-05-19,1,,M,1945-04-07
B000755,Kevin,Brady,114,house,Republican,TX,8,9,9,18.0,1997-01-07,1,,M,1955-04-11
B001290,David,Brat,114,house,Republican,VA,7,1,1,0.2,2014-11-12,1,,M,1964-07-27
B001283,Jim,Bridenstine,114,house,Republican,OK,1,1,1,2.0,2013-01-03,1,,M,1975-06-15
B001284,Susan,Brooks,114,house,Republican,IN,5,1,1,2.0,2013-01-03,1,,F,1960-08-25
B001274,Mo,Brooks,114,house,Republican,AL,5,2,2,4.0,2011-01-05,1,,M,1954-04-29
B000911,Corrine,Brown,114,house,Democrat,FL,5,11,11,22.0,1993-01-05,1,,F,1946-11-11
B001285,Julia,Brownley,114,house,Democrat,CA,26,1,1,2.0,2013-01-03,1,,F,1952-08-28
B001260,Vern,Buchanan,114,house,Republican,FL,16,4,4,8.0,2007-01-04,1,,M,1951-05-08
B001297,Ken,Buck,114,house,Republican,CO,4,0,0,0.0,2015-01-06,1,,M,1959-02-16
B001275,Larry,Bucshon,114,house,Republican,IN,8,2,2,4.0,2011-01-05,1,,M,1962-05-31
B001248,Michael,Burgess,114,house,Republican,TX,26,6,6,12.0,2003-01-07,1,,M,1950-12-23
B001286,Cheri,Bustos,114,house,Democrat,IL,17,1,1,2.0,2013-01-03,1,,F,1961-10-17
B001251,George,Butterfield,114,house,Democrat,NC,1,6,6,10.5,2004-07-21,1,,M,1947-04-27
B001289,Bradley,Byrne,114,house,Republican,AL,1,1,1,1.0,2014-01-08,1,,M,1955-02-16
C000059,Ken,Calvert,114,house,Republican,CA,42,11,11,22.0,1993-01-05,1,,M,1953-06-08
C001036,Lois,Capps,114,house,Democrat,CA,24,9,9,16.8,1998-03-10,1,,F,1938-01-10
C001037,Michael,Capuano,114,house,Democrat,MA,7,8,8,16.0,1999-01-06,1,,M,1952-01-09
C001083,John,Carney,114,house,Democrat,DE,0,2,2,4.0,2011-01-05,1,,M,1956-05-20
C001072,André,Carson,114,house,Democrat,IN,7,4,4,6.8,2008-03-13,1,,M,1974-10-16
C001051,John,Carter,114,house,Republican,TX,31,6,6,12.0,2003-01-07,1,,M,1941-11-06
C001103,Earl,Carter,114,house,Republican,GA,1,0,0,0.0,2015-01-06,1,,M,1957-09-06
C001090,Matthew,Cartwright,114,house,Democrat,PA,17,1,1,2.0,2013-01-03,1,,M,1961-05-01
C001066,Kathy,Castor,114,house,Democrat,FL,14,4,4,8.0,2007-01-04,1,,F,1966-08-20
C001091,Joaquin,Castro,114,house,Democrat,TX,20,1,1,2.0,2013-01-03,1,,M,1974-09-16
C000266,Steve,Chabot,114,house,Republican,OH,1,9,9,20.0,1995-01-04,1,,M,1953-01-22
C001076,Jason,Chaffetz,114,house,Republican,UT,3,3,3,6.0,2009-01-06,1,,M,1967-03-26
C001080,Judy,Chu,114,house,Democrat,CA,27,3,3,5.5,2009-07-16,1,,F,1953-07-07
C001084,David,Cicilline,114,house,Democrat,RI,1,2,2,4.0,2011-01-05,1,,M,1961-07-15
C001101,Katherine,Clark,114,house,Democrat,MA,5,1,1,1.1,2013-12-12,1,,F,1963-07-17
C001067,Yvette,Clarke,114,house,Democrat,NY,9,4,4,8.0,2007-01-04,1,,F,1964-11-21
C001102,Curtis,Clawson,114,house,Republican,FL,19,1,1,0.5,2014-06-24,1,,M,1959-09-28
C001049,Wm.,Clay,114,house,Democrat,MO,1,7,7,14.0,2001-01-03,1,,M,1956-07-27
C001061,Emanuel,Cleaver,114,house,Democrat,MO,5,5,5,10.0,2005-01-04,1,,M,1944-10-26
C000537,James,Clyburn,114,house,Democrat,SC,6,11,11,22.0,1993-01-05,1,,M,1940-07-21
C001077,Mike,Coffman,114,house,Republican,CO,6,3,3,6.0,2009-01-06,1,,M,1955-03-19
C001068,Steve,Cohen,114,house,Democrat,TN,9,4,4,8.0,2007-01-04,1,,M,1949-05-24
C001053,Tom,Cole,114,house,Republican,OK,4,6,6,12.0,2003-01-07,1,,M,1949-04-28
C001092,Chris,Collins,114,house,Republican,NY,27,1,1,2.0,2013-01-03,1,,M,1950-05-20
C001093,Doug,Collins,114,house,Republican,GA,9,1,1,2.0,2013-01-03,1,,M,1966-08-16
C001108,James,Comer,114,house,Republican,KY,1,0,0,-1.9,2016-11-14,1,,M,1972-08-19
C001105,Barbara,Comstock,114,house,Republican,VA,10,0,0,0.0,2015-01-06,1,,F,1959-06-30
C001062,K.,Conaway,114,house,Republican,TX,11,5,5,10.0,2005-01-04,1,,M,1948-06-11
C001078,Gerald,Connolly,114,house,Democrat,VA,11,3,3,6.0,2009-01-06,1,,M,1950-03-30
C000714,John,Conyers,114,house,Democrat,MI,13,25,25,50.0,1965-01-04,1,,M,1929-05-16
C001094,Paul,Cook,114,house,Republican,CA,8,1,1,2.0,2013-01-03,1,,M,1943-03-03
C000754,Jim,Cooper,114,house,Democrat,TN,5,12,12,32.0,1983-01-03,1,,M,1954-06-19
C001059,Jim,Costa,114,house,Democrat,CA,16,5,5,10.0,2005-01-04,1,,M,1952-04-13
C001106,Ryan,Costello,114,house,Republican,PA,6,0,0,0.0,2015-01-06,1,,M,1976-09-07
C001069,Joe,Courtney,114,house,Democrat,CT,2,4,4,8.0,2007-01-04,1,,M,1953-04-06
C001096,Kevin,Cramer,114,house,Republican,ND,0,1,1,2.0,2013-01-03,1,,M,1961-01-21
C001087,Eric,Crawford,114,house,Republican,AR,1,2,2,4.0,2011-01-05,1,,M,1966-01-22
C001045,Ander,Crenshaw,114,house,Republican,FL,4,7,7,14.0,2001-01-03,1,,M,1944-09-01
C001038,Joseph,Crowley,114,house,Democrat,NY,14,8,8,16.0,1999-01-06,1,,M,1962-03-16
C001063,Henry,Cuellar,114,house,Democrat,TX,28,5,5,10.0,2005-01-04,1,,M,1955-09-19
C001048,John,Culberson,114,house,Republican,TX,7,7,7,14.0,2001-01-03,1,,M,1956-08-24
C000984,Elijah,Cummings,114,house,Democrat,MD,7,10,10,18.7,1996-04-16,1,,M,1951-01-18
C001107,Carlos,Curbelo,114,house,Republican,FL,26,0,0,0.0,2015-01-06,1,,M,1980-03-01
C001097,Tony,Cárdenas,114,house,Democrat,CA,29,1,1,2.0,2013-01-03,1,,M,1963-03-31
D000626,Warren,Davidson,114,house,Republican,OH,8,0,0,-1.4,2016-06-09,1,,M,1970-03-01
D000096,Danny,Davis,114,house,Democrat,IL,7,9,9,18.0,1997-01-07,1,,M,1941-09-06
D000598,Susan,Davis,114,house,Democrat,CA,53,7,7,14.0,2001-01-03,1,,F,1944-04-13
D000619,Rodney,Davis,114,house,Republican,IL,13,1,1,2.0,2013-01-03,1,,M,1970-01-05
D000191,Peter,DeFazio,114,house,Democrat,OR,4,14,14,28.0,1987-01-06,1,,M,1947-05-27
D000197,Diana,DeGette,114,house,Democrat,CO,1,9,9,18.0,1997-01-07,1,,F,1957-07-29
D000216,Rosa,DeLauro,114,house,Democrat,CT,3,12,12,24.0,1991-01-03,1,,F,1943-03-02
D000621,Ron,DeSantis,114,house,Republican,FL,6,1,1,2.0,2013-01-03,1,,M,1978-09-14
D000623,Mark,DeSaulnier,114,house,Democrat,CA,11,0,0,0.0,2015-01-06,1,,M,1952-03-31
D000617,Suzan,DelBene,114,house,Democrat,WA,1,2,2,2.1,2012-11-13,1,,F,1962-02-17
D000620,John,Delaney,114,house,Democrat,MD,6,1,1,2.0,2013-01-03,1,,M,1963-04-16
D000612,Jeff,Denham,114,house,Republican,CA,10,2,2,4.0,2011-01-05,1,,M,1967-07-29
D000604,Charles,Dent,114,house,Republican,PA,15,5,5,10.0,2005-01-04,1,,M,1960-05-24
D000616,Scott,DesJarlais,114,house,Republican,TN,4,2,2,4.0,2011-01-05,1,,M,1964-02-21
D000610,Theodore,Deutch,114,house,Democrat,FL,21,3,3,4.7,2010-04-15,1,,M,1966-05-07
D000600,Mario,Diaz-Balart,114,house,Republican,FL,25,6,6,12.0,2003-01-07,1,,M,1961-09-25
D000624,Debbie,Dingell,114,house,Democrat,MI,12,0,0,0.0,2015-01-06,1,,F,1953-11-23
D000399,Lloyd,Doggett,114,house,Democrat,TX,35,10,10,20.0,1995-01-04,1,,M,1946-10-06
D000613,Bob,Dold,114,house,Republican,IL,10,1,1,4.0,2011-01-05,1,,M,1969-06-23
D000625,Daniel,Donovan,114,house,Republican,NY,11,0,0,-0.3,2015-05-12,1,,M,1956-11-06
D000482,Michael,Doyle,114,house,Democrat,PA,14,10,10,20.0,1995-01-04,1,,M,1953-08-05
D000622,Tammy,Duckworth,114,house,Democrat,IL,8,1,1,2.0,2013-01-03,1,,F,1968-03-12
D000614,Sean,Duffy,114,house,Republican,WI,7,2,2,4.0,2011-01-05,1,,M,1971-10-03
D000533,John,Duncan,114,house,Republican,TN,2,14,14,26.2,1988-11-08,1,,M,1947-07-21
D000615,Jeff,Duncan,114,house,Republican,SC,3,2,2,4.0,2011-01-05,1,,M,1966-01-07
E000290,Donna,Edwards,114,house,Democrat,MD,4,4,4,6.5,2008-06-19,1,,F,1958-06-28
E000288,Keith,Ellison,114,house,Democrat,MN,5,4,4,8.0,2007-01-04,1,,M,1963-08-04
E000291,Renee,Ellmers,114,house,Republican,NC,2,2,2,4.0,2011-01-05,1,,F,1964-02-09
E000294,Tom,Emmer,114,house,Republican,MN,6,0,0,0.0,2015-01-06,1,,M,1961-03-03
E000179,Eliot,Engel,114,house,Democrat,NY,16,13,13,26.0,1989-01-03,1,,M,1947-02-18
E000215,Anna,Eshoo,114,house,Democrat,CA,18,11,11,22.0,1993-01-05,1,,F,1942-12-13
E000293,Elizabeth,Esty,114,house,Democrat,CT,5,1,1,2.0,2013-01-03,1,,F,1959-08-25
E000296,Dwight,Evans,114,house,Democrat,PA,2,0,0,-1.9,2016-11-14,1,,M,1954-05-16
F000460,Blake,Farenthold,114,house,Republican,TX,27,2,2,4.0,2011-01-05,1,,M,1961-12-12
F000030,Sam,Farr,114,house,Democrat,CA,20,11,11,21.6,1993-06-08,1,,M,1941-07-04
F000043,Chaka,Fattah,114,house,Democrat,PA,2,10,10,20.0,1995-01-04,1,,M,1956-11-21
F000458,Stephen,Fincher,114,house,Republican,TN,8,2,2,4.0,2011-01-05,1,,M,1973-02-07
F000451,Michael,Fitzpatrick,114,house,Republican,PA,8,3,3,10.0,2005-01-04,1,,M,1963-06-28
F000459,Charles,Fleischmann,114,house,Republican,TN,3,2,2,4.0,2011-01-05,1,,M,1962-10-11
F000456,John,Fleming,114,house,Republican,LA,4,3,3,6.0,2009-01-06,1,,M,1951-07-05
F000461,Bill,Flores,114,house,Republican,TX,17,2,2,4.0,2011-01-05,1,,M,1954-02-25
F000445,J.,Forbes,114,house,Republican,VA,4,7,7,13.5,2001-06-26,1,,M,1952-02-17
F000449,Jeff,Fortenberry,114,house,Republican,NE,1,5,5,10.0,2005-01-04,1,,M,1960-12-27
F000454,Bill,Foster,114,house,Democrat,IL,11,3,3,6.8,2008-03-08,1,,M,1955-10-07
F000450,Virginia,Foxx,114,house,Republican,NC,5,5,5,10.0,2005-01-04,1,,F,1943-06-29
F000462,Lois,Frankel,114,house,Democrat,FL,22,1,1,2.0,2013-01-03,1,,F,1948-05-16
F000448,Trent,Franks,114,house,Republican,AZ,8,6,6,12.0,2003-01-07,1,,M,1957-06-19
F000372,Rodney,Frelinghuysen,114,house,Republican,NJ,11,10,10,20.0,1995-01-04,1,,M,1946-04-29
F000455,Marcia,Fudge,114,house,Democrat,OH,11,4,4,6.1,2008-11-19,1,,F,1952-10-29
G000571,Tulsi,Gabbard,114,house,Democrat,HI,2,1,1,2.0,2013-01-03,1,,F,1981-04-12
G000574,Ruben,Gallego,114,house,Democrat,AZ,7,0,0,0.0,2015-01-06,1,,M,1979-11-20
G000559,John,Garamendi,114,house,Democrat,CA,3,3,3,5.2,2009-11-03,1,,M,1945-01-24
G000548,Scott,Garrett,114,house,Republican,NJ,5,6,6,12.0,2003-01-07,1,,M,1959-07-09
G000563,Bob,Gibbs,114,house,Republican,OH,7,2,2,4.0,2011-01-05,1,,M,1954-06-14
G000564,Christopher,Gibson,114,house,Republican,NY,19,2,2,4.0,2011-01-05,1,,M,1964-05-13
G000552,Louie,Gohmert,114,house,Republican,TX,1,5,5,10.0,2005-01-04,1,,M,1953-08-18
G000289,Bob,Goodlatte,114,house,Republican,VA,6,11,11,22.0,1993-01-05,1,,M,1952-09-22
G000565,Paul,Gosar,114,house,Republican,AZ,4,2,2,4.0,2011-01-05,1,,M,1958-11-22
G000566,Trey,Gowdy,114,house,Republican,SC,4,2,2,4.0,2011-01-05,1,,M,1964-08-22
G000575,Gwen,Graham,114,house,Democrat,FL,2,0,0,0.0,2015-01-06,1,,F,1963-01-31
G000377,Kay,Granger,114,house,Republican,TX,12,9,9,18.0,1997-01-07,1,,F,1943-01-18
G000546,Sam,Graves,114,house,Republican,MO,6,7,7,14.0,2001-01-03,1,,M,1963-11-07
G000560,Tom,Graves,114,house,Republican,GA,14,3,3,4.6,2010-06-08,1,,M,1970-02-03
G000577,Garret,Graves,114,house,Republican,LA,6,0,0,0.0,2015-01-06,1,,M,1972-01-31
G000556,Alan,Grayson,114,house,Democrat,FL,9,2,2,6.0,2009-01-06,1,,M,1958-03-13
G000553,Al,Green,114,house,Democrat,TX,9,5,5,10.0,2005-01-04,1,,M,1947-09-01
G000410,Gene,Green,114,house,Democrat,TX,29,11,11,22.0,1993-01-05,1,,M,1947-10-17
G000568,H.,Griffith,114,house,Republican,VA,9,2,2,4.0,2011-01-05,1,,M,1958-03-15
G000551,Raúl,Grijalva,114,house,Democrat,AZ,3,6,6,12.0,2003-01-07,1,,M,1948-02-19
G000576,Glenn,Grothman,114,house,Republican,WI,6,0,0,0.0,2015-01-06,1,,M,1955-07-03
G000570,Frank,Guinta,114,house,Republican,NH,1,1,1,4.0,2011-01-05,1,,M,1970-09-26
G000558,Brett,Guthrie,114,house,Republican,KY,2,3,3,6.0,2009-01-06,1,,M,1964-02-18
G000535,Luis,Gutiérrez,114,house,Democrat,IL,4,11,11,22.0,1993-01-05,1,,M,1953-12-10
H001063,Janice,Hahn,114,house,Democrat,CA,44,2,2,3.5,2011-07-19,1,,F,1952-03-30
H001050,Colleen,Hanabusa,114,house,Democrat,HI,1,2,2,4.0,2011-01-05,1,,F,1951-05-04
H001051,Richard,Hanna,114,house,Republican,NY,22,2,2,4.0,2011-01-05,1,,M,1951-01-25
H001070,Cresent,Hardy,114,house,Republican,NV,4,0,0,0.0,2015-01-06,1,,M,1957-06-23
H001045,Gregg,Harper,114,house,Republican,MS,3,3,3,6.0,2009-01-06,1,,M,1956-06-01
H001052,Andy,Harris,114,house,Republican,MD,1,2,2,4.0,2011-01-05,1,,M,1957-01-25
H001053,Vicky,Hartzler,114,house,Republican,MO,4,2,2,4.0,2011-01-05,1,,F,1960-10-13
H000324,Alcee,Hastings,114,house,Democrat,FL,20,11,11,22.0,1993-01-05,1,,M,1936-09-05
H001055,Joseph,Heck,114,house,Republican,NV,3,2,2,4.0,2011-01-05,1,,M,1961-10-30
H001064,Denny,Heck,114,house,Democrat,WA,10,1,1,2.0,2013-01-03,1,,M,1952-07-29
H001036,Jeb,Hensarling,114,house,Republican,TX,5,6,6,12.0,2003-01-07,1,,M,1957-05-29
H001056,Jaime,Herrera Beutler,114,house,Republican,WA,3,2,2,4.0,2011-01-05,1,,F,1978-11-03
H001071,Jody,Hice,114,house,Republican,GA,10,0,0,0.0,2015-01-06,1,,M,1960-04-22
H001038,Brian,Higgins,114,house,Democrat,NY,26,5,5,10.0,2005-01-04,1,,M,1959-10-06
H001072,J.,Hill,114,house,Republican,AR,2,0,0,0.0,2015-01-06,1,,M,1956-12-05
H001047,James,Himes,114,house,Democrat,CT,4,3,3,6.0,2009-01-06,1,,M,1966-07-05
H000636,Rubén,Hinojosa,114,house,Democrat,TX,15,9,9,18.0,1997-01-07,1,,M,1940-08-20
H001065,George,Holding,114,house,Republican,NC,13,1,1,2.0,2013-01-03,1,,M,1968-04-17
H001034,Michael,Honda,114,house,Democrat,CA,17,7,7,14.0,2001-01-03,1,,M,1941-06-27
H000874,Steny,Hoyer,114,house,Democrat,MD,5,17,17,34.0,1981-01-05,1,,M,1939-06-14
H001067,Richard,Hudson,114,house,Republican,NC,8,1,1,2.0,2013-01-03,1,,M,1971-11-04
H001057,Tim,Huelskamp,114,house,Republican,KS,1,2,2,4.0,2011-01-05,1,,M,1968-11-11
H001068,Jared,Huffman,114,house,Democrat,CA,2,1,1,2.0,2013-01-03,1,,M,1964-02-18
H001058,Bill,Huizenga,114,house,Republican,MI,2,2,2,4.0,2011-01-05,1,,M,1969-01-31
H001059,Randy,Hultgren,114,house,Republican,IL,14,2,2,4.0,2011-01-05,1,,M,1966-03-01
H001048,Duncan,Hunter,114,house,Republican,CA,50,3,3,6.0,2009-01-06,1,,M,1976-12-07
H001073,Will,Hurd,114,house,Republican,TX,23,0,0,0.0,2015-01-06,1,,M,1977-08-19
H001060,Robert,Hurt,114,house,Republican,VA,5,2,2,4.0,2011-01-05,1,,M,1969-06-16
I000057,Steve,Israel,114,house,Democrat,NY,3,7,7,14.0,2001-01-03,1,,M,1958-05-30
I000056,Darrell,Issa,114,house,Republican,CA,49,7,7,14.0,2001-01-03,1,,M,1953-11-01
J000032,Sheila,Jackson Lee,114,house,Democrat,TX,18,10,10,20.0,1995-01-04,1,,F,1950-01-12
J000294,Hakeem,Jeffries,114,house,Democrat,NY,8,1,1,2.0,2013-01-03,1,,M,1970-08-04
J000297,Evan,Jenkins,114,house,Republican,WV,3,0,0,0.0,2015-01-06,1,,M,1960-09-12
J000290,Lynn,Jenkins,114,house,Republican,KS,2,3,3,6.0,2009-01-06,1,,F,1963-06-10
J000288,Henry,Johnson,114,house,Democrat,GA,4,4,4,8.0,2007-01-04,1,,M,1954-10-02
J000174,Sam,Johnson,114,house,Republican,TX,3,12,12,24.0,1991-01-03,1,,M,1930-10-11
J000126,Eddie,Johnson,114,house,Democrat,TX,30,11,11,22.0,1993-01-05,1,,F,1935-12-03
J000292,Bill,Johnson,114,house,Republican,OH,6,2,2,4.0,2011-01-05,1,,M,1954-11-10
J000296,David,Jolly,114,house,Republican,FL,13,1,1,0.8,2014-03-11,1,,M,1972-10-31
J000255,Walter,Jones,114,house,Republican,NC,3,10,10,20.0,1995-01-04,1,,M,1943-02-10
J000289,Jim,Jordan,114,house,Republican,OH,4,4,4,8.0,2007-01-04,1,,M,1964-02-17
J000295,David,Joyce,114,house,Republican,OH,14,1,1,2.0,2013-01-03,1,,M,1957-03-17
K000009,Marcy,Kaptur,114,house,Democrat,OH,9,16,16,32.0,1983-01-03,1,,F,1946-06-17
K000386,John,Katko,114,house,Republican,NY,24,0,0,0.0,2015-01-06,1,,M,1962-11-09
K000375,William,Keating,114,house,Democrat,MA,9,2,2,4.0,2011-01-05,1,,M,1952-09-06
K000376,Mike,Kelly,114,house,Republican,PA,3,2,2,4.0,2011-01-05,1,,M,1948-05-10
K000385,Robin,Kelly,114,house,Democrat,IL,2,1,1,1.7,2013-04-09,1,,F,1956-04-30
K000388,Trent,Kelly,114,house,Republican,MS,1,0,0,-0.4,2015-06-09,1,,M,1966-03-01
K000379,Joseph,Kennedy,114,house,Democrat,MA,4,1,1,2.0,2013-01-03,1,,M,1980-10-04
K000380,Daniel,Kildee,114,house,Democrat,MI,5,1,1,2.0,2013-01-03,1,,M,1958-08-11
K000381,Derek,Kilmer,114,house,Democrat,WA,6,1,1,2.0,2013-01-03,1,,M,1974-01-01
K000188,Ron,Kind,114,house,Democrat,WI,3,9,9,18.0,1997-01-07,1,,M,1963-03-16
K000210,Peter,King,114,house,Republican,NY,2,11,11,22.0,1993-01-05,1,,M,1944-04-05
K000362,Steve,King,114,house,Republican,IA,4,6,6,12.0,2003-01-07,1,,M,1949-05-28
K000378,Adam,Kinzinger,114,house,Republican,IL,16,2,2,4.0,2011-01-05,1,,M,1978-02-27
K000368,Ann,Kirkpatrick,114,house,Democrat,AZ,1,2,2,6.0,2009-01-06,1,,F,1950-03-24
K000363,John,Kline,114,house,Republican,MN,2,6,6,12.0,2003-01-07,1,,M,1947-09-06
K000387,Steve,Knight,114,house,Republican,CA,25,0,0,0.0,2015-01-06,1,,M,1966-12-17
K000382,Ann,Kuster,114,house,Democrat,NH,2,1,1,2.0,2013-01-03,1,,F,1956-09-05
L000585,Darin,LaHood,114,house,Republican,IL,18,0,0,-0.7,2015-09-17,1,,M,1968-07-05
L000578,Doug,LaMalfa,114,house,Republican,CA,1,1,1,2.0,2013-01-03,1,,M,1960-07-02
L000573,Raúl,Labrador,114,house,Republican,ID,1,2,2,4.0,2011-01-05,1,,M,1967-12-08
L000564,Doug,Lamborn,114,house,Republican,CO,5,4,4,8.0,2007-01-04,1,,M,1954-05-24
L000567,Leonard,Lance,114,house,Republican,NJ,7,3,3,6.0,2009-01-06,1,,M,1952-06-25
L000559,James,Langevin,114,house,Democrat,RI,2,7,7,14.0,2001-01-03,1,,M,1964-04-22
L000560,Rick,Larsen,114,house,Democrat,WA,2,7,7,14.0,2001-01-03,1,,M,1965-06-15
L000557,John,Larson,114,house,Democrat,CT,1,8,8,16.0,1999-01-06,1,,M,1948-07-22
L000566,Robert,Latta,114,house,Republican,OH,5,4,4,7.1,2007-12-13,1,,M,1956-04-18
L000581,Brenda,Lawrence,114,house,Democrat,MI,14,0,0,0.0,2015-01-06,1,,F,1954-10-18
L000551,Barbara,Lee,114,house,Democrat,CA,13,9,9,16.8,1998-04-07,1,,F,1946-07-16
L000263,Sander,Levin,114,house,Democrat,MI,9,16,16,32.0,1983-01-03,1,,M,1931-09-06
L000287,John,Lewis,114,house,Democrat,GA,5,14,14,28.0,1987-01-06,1,,M,1940-02-21
L000582,Ted,Lieu,114,house,Democrat,CA,33,0,0,0.0,2015-01-06,1,,M,1969-03-29
L000563,Daniel,Lipinski,114,house,Democrat,IL,3,5,5,10.0,2005-01-04,1,,M,1966-07-15
L000554,Frank,LoBiondo,114,house,Republican,NJ,2,10,10,20.0,1995-01-04,1,,M,1946-05-12
L000565,David,Loebsack,114,house,Democrat,IA,2,4,4,8.0,2007-01-04,1,,M,1952-12-23
L000397,Zoe,Lofgren,114,house,Democrat,CA,19,10,10,20.0,1995-01-04,1,,F,1947-12-21
L000576,Billy,Long,114,house,Republican,MO,7,2,2,4.0,2011-01-05,1,,M,1955-08-11
L000583,Barry,Loudermilk,114,house,Republican,GA,11,0,0,0.0,2015-01-06,1,,M,1963-12-22
L000584,Mia,Love,114,house,Republican,UT,4,0,0,0.0,2015-01-06,1,,F,1975-12-06
L000579,Alan,Lowenthal,114,house,Democrat,CA,47,1,1,2.0,2013-01-03,1,,M,1941-03-08
L000480,Nita,Lowey,114,house,Democrat,NY,17,13,13,26.0,1989-01-03,1,,F,1937-07-05
L000491,Frank,Lucas,114,house,Republican,OK,3,11,11,21.7,1993-05-10,1,,M,1960-01-06
L000569,Blaine,Luetkemeyer,114,house,Republican,MO,3,3,3,6.0,2009-01-06,1,,M,1952-05-07
L000580,Michelle,Lujan Grisham,114,house,Democrat,NM,1,1,1,2.0,2013-01-03,1,,F,1959-10-24
L000570,Ben,Luján,114,house,Democrat,NM,3,3,3,6.0,2009-01-06,1,,M,1972-06-07
L000571,Cynthia,Lummis,114,house,Republican,WY,0,3,3,6.0,2009-01-06,1,,F,1954-09-10
L000562,Stephen,Lynch,114,house,Democrat,MA,8,7,7,13.2,2001-10-23,1,,M,1955-03-31
M001193,Tom,MacArthur,114,house,Republican,NJ,3,0,0,0.0,2015-01-06,1,,M,1960-10-16
M000087,Carolyn,Maloney,114,house,Democrat,NY,12,11,11,22.0,1993-01-05,1,,F,1946-02-19
M001185,Sean,Maloney,114,house,Democrat,NY,18,1,1,2.0,2013-01-03,1,,M,1966-07-30
M001158,Kenny,Marchant,114,house,Republican,TX,24,5,5,10.0,2005-01-04,1,,M,1951-02-23
M001179,Tom,Marino,114,house,Republican,PA,10,2,2,4.0,2011-01-05,1,,M,1952-08-15
M001184,Thomas,Massie,114,house,Republican,KY,4,2,2,2.1,2012-11-13,1,,M,1971-01-13
M001163,Doris,Matsui,114,house,Democrat,CA,6,5,5,9.8,2005-03-10,1,,F,1944-09-25
M001165,Kevin,McCarthy,114,house,Republican,CA,23,4,4,8.0,2007-01-04,1,,M,1965-01-26
M001157,Michael,McCaul,114,house,Republican,TX,10,5,5,10.0,2005-01-04,1,,M,1962-01-14
M001177,Tom,McClintock,114,house,Republican,CA,4,3,3,6.0,2009-01-06,1,,M,1956-07-10
M001143,Betty,McCollum,114,house,Democrat,MN,4,7,7,14.0,2001-01-03,1,,F,1954-07-12
M000404,Jim,McDermott,114,house,Democrat,WA,7,13,13,26.0,1989-01-03,1,,M,1936-12-28
M000312,James,McGovern,114,house,Democrat,MA,2,9,9,18.0,1997-01-07,1,,M,1959-11-20
M001156,Patrick,McHenry,114,house,Republican,NC,10,5,5,10.0,2005-01-04,1,,M,1975-10-22
M001180,David,McKinley,114,house,Republican,WV,1,2,2,4.0,2011-01-05,1,,M,1947-03-28
M001159,Cathy,McMorris Rodgers,114,house,Republican,WA,5,5,5,10.0,2005-01-04,1,,F,1969-05-22
M001166,Jerry,McNerney,114,house,Democrat,CA,9,4,4,8.0,2007-01-04,1,,M,1951-06-18
M001197,Martha,McSally,114,house,Republican,AZ,2,0,0,0.0,2015-01-06,1,,F,1966-03-22
M001187,Mark,Meadows,114,house,Republican,NC,11,1,1,2.0,2013-01-03,1,,M,1959-07-28
M001181,Patrick,Meehan,114,house,Republican,PA,7,2,2,4.0,2011-01-05,1,,M,1955-10-20
M001137,Gregory,Meeks,114,house,Democrat,NY,5,9,9,18.0,1997-01-07,1,,M,1953-09-25
M001188,Grace,Meng,114,house,Democrat,NY,6,1,1,2.0,2013-01-03,1,,F,1975-10-01
M001189,Luke,Messer,114,house,Republican,IN,6,1,1,2.0,2013-01-03,1,,M,1969-02-27
M000689,John,Mica,114,house,Republican,FL,7,11,11,22.0,1993-01-05,1,,M,1943-01-27
M001150,Candice,Miller,114,house,Republican,MI,10,6,6,12.0,2003-01-07,1,,F,1954-05-07
M001144,Jeff,Miller,114,house,Republican,FL,1,7,7,13.2,2001-10-23,1,,M,1959-06-27
M001194,John,Moolenaar,114,house,Republican,MI,4,0,0,0.0,2015-01-06,1,,M,1961-05-08
M001195,Alexander,Mooney,114,house,Republican,WV,2,0,0,0.0,2015-01-06,1,,M,1971-06-05
M001160,Gwen,Moore,114,house,Democrat,WI,4,5,5,10.0,2005-01-04,1,,F,1951-04-18
M001196,Seth,Moulton,114,house,Democrat,MA,6,0,0,0.0,2015-01-06,1,,M,1978-10-24
M001190,Markwayne,Mullin,114,house,Republican,OK,2,1,1,2.0,2013-01-03,1,,M,1977-07-26
M001182,Mick,Mulvaney,114,house,Republican,SC,5,2,2,4.0,2011-01-05,1,,M,1967-07-21
M001191,Patrick,Murphy,114,house,Democrat,FL,18,1,1,2.0,2013-01-03,1,,M,1983-03-30
M001151,Tim,Murphy,114,house,Republican,PA,18,6,6,12.0,2003-01-07,1,,M,1952-09-11
N000002,Jerrold,Nadler,114,house,Democrat,NY,10,12,12,22.2,1992-11-03,1,,M,1947-06-13
N000179,Grace,Napolitano,114,house,Democrat,CA,32,8,8,16.0,1999-01-06,1,,F,1936-12-04
N000015,Richard,Neal,114,house,Democrat,MA,1,13,13,26.0,1989-01-03,1,,M,1949-02-14
N000182,Randy,Neugebauer,114,house,Republican,TX,19,6,6,11.6,2003-06-05,1,,M,1949-12-24
N000189,Dan,Newhouse,114,house,Republican,WA,4,0,0,0.0,2015-01-06,1,,M,1955-07-10
N000184,Kristi,Noem,114,house,Republican,SD,0,2,2,4.0,2011-01-05,1,,F,1971-11-30
N000127,Richard,Nolan,114,house,Democrat,MN,8,4,4,40.0,1975-01-14,1,,M,1943-12-17
N000188,Donald,Norcross,114,house,Democrat,NJ,1,1,1,0.2,2014-11-12,1,,M,1958-12-13
N000147,Eleanor,Norton,114,house,Democrat,DC,0,12,12,24.0,1991-01-03,1,,F,1937-06-13
N000185,Richard,Nugent,114,house,Republican,FL,11,2,2,4.0,2011-01-05,1,,M,1951-05-26
N000181,Devin,Nunes,114,house,Republican,CA,22,6,6,12.0,2003-01-07,1,,M,1973-10-01
N000186,Alan,Nunnelee,114,house,Republican,MS,1,2,2,4.0,2011-01-05,1,,M,1958-10-09
O000168,Pete,Olson,114,house,Republican,TX,22,3,3,6.0,2009-01-06,1,,M,1962-12-09
O000170,Beto,O’Rourke,114,house,Democrat,TX,16,1,1,2.0,2013-01-03,1,,M,1972-09-26
P000601,Steven,Palazzo,114,house,Republican,MS,4,2,2,4.0,2011-01-05,1,,M,1970-02-21
P000034,Frank,Pallone,114,house,Democrat,NJ,6,14,14,28.0,1987-01-06,1,,M,1951-10-30
P000609,Gary,Palmer,114,house,Republican,AL,6,0,0,0.0,2015-01-06,1,,M,1954-05-14
P000096,Bill,Pascrell,114,house,Democrat,NJ,9,9,9,18.0,1997-01-07,1,,M,1937-01-25
P000594,Erik,Paulsen,114,house,Republican,MN,3,3,3,6.0,2009-01-06,1,,M,1965-05-14
P000604,Donald,Payne,114,house,Democrat,NJ,10,2,2,2.1,2012-11-15,1,,M,1958-12-17
P000588,Stevan,Pearce,114,house,Republican,NM,2,5,5,12.0,2003-01-07,1,,M,1947-08-24
P000197,Nancy,Pelosi,114,house,Democrat,CA,12,14,14,28.0,1987-01-06,1,,F,1940-03-26
P000593,Ed,Perlmutter,114,house,Democrat,CO,7,4,4,8.0,2007-01-04,1,,M,1953-05-01
P000605,Scott,Perry,114,house,Republican,PA,4,1,1,2.0,2013-01-03,1,,M,1962-05-27
P000608,Scott,Peters,114,house,Democrat,CA,52,1,1,2.0,2013-01-03,1,,M,1958-06-17
P000258,Collin,Peterson,114,house,Democrat,MN,7,12,12,24.0,1991-01-03,1,,M,1944-06-29
P000596,Pedro,Pierluisi,114,house,Democrat,PR,0,2,2,6.0,2009-01-06,1,,M,1959-04-26
P000597,Chellie,Pingree,114,house,Democrat,ME,1,3,3,6.0,2009-01-06,1,,F,1955-04-02
P000606,Robert,Pittenger,114,house,Republican,NC,9,1,1,2.0,2013-01-03,1,,M,1948-08-15
P000373,Joseph,Pitts,114,house,Republican,PA,16,9,9,18.0,1997-01-07,1,,M,1939-10-10
P000610,Stacey,Plaskett,114,house,Democrat,VI,0,0,0,0.0,2015-01-06,1,,F,1966-05-13
P000607,Mark,Pocan,114,house,Democrat,WI,2,1,1,2.0,2013-01-03,1,,M,1964-08-14
P000592,Ted,Poe,114,house,Republican,TX,2,5,5,10.0,2005-01-04,1,,M,1948-09-10
P000611,Bruce,Poliquin,114,house,Republican,ME,2,0,0,0.0,2015-01-06,1,,M,1953-11-01
P000598,Jared,Polis,114,house,Democrat,CO,2,3,3,6.0,2009-01-06,1,,M,1975-05-12
P000602,Mike,Pompeo,114,house,Republican,KS,4,2,2,4.0,2011-01-05,1,,M,1963-12-30
P000599,Bill,Posey,114,house,Republican,FL,8,3,3,6.0,2009-01-06,1,,M,1947-12-18
P000591,Tom,Price,114,house,Republican,GA,6,5,5,10.0,2005-01-04,1,,M,1954-10-08
P000523,David,Price,114,house,Democrat,NC,4,13,13,28.0,1987-01-06,1,,M,1940-08-17
Q000023,Mike,Quigley,114,house,Democrat,IL,5,3,3,5.7,2009-04-07,1,,M,1958-10-17
R000600,Aumua Amata,Radewagen,114,house,Republican,AS,0,0,0,0.0,2015-01-06,1,,F,1947-12-29
R000053,Charles,Rangel,114,house,Democrat,NY,13,22,22,44.0,1971-01-21,1,,M,1930-06-11
R000601,John,Ratcliffe,114,house,Republican,TX,4,0,0,0.0,2015-01-06,1,,M,1965-10-20
R000585,Tom,Reed,114,house,Republican,NY,23,3,3,4.1,2010-11-18,1,,M,1971-11-18
R000578,David,Reichert,114,house,Republican,WA,8,5,5,10.0,2005-01-04,1,,M,1950-08-29
R000586,James,Renacci,114,house,Republican,OH,16,2,2,4.0,2011-01-05,1,,M,1958-12-03
R000587,Reid,Ribble,114,house,Republican,WI,8,2,2,4.0,2011-01-05,1,,M,1956-04-05
R000597,Tom,Rice,114,house,Republican,SC,7,1,1,2.0,2013-01-03,1,,M,1957-08-04
R000602,Kathleen,Rice,114,house,Democrat,NY,4,0,0,0.0,2015-01-06,1,,F,1965-02-15
R000588,Cedric,Richmond,114,house,Democrat,LA,2,2,2,4.0,2011-01-05,1,,M,1973-09-13
R000589,Edward,Rigell,114,house,Republican,VA,2,2,2,4.0,2011-01-05,1,,M,1960-05-28
R000591,Martha,Roby,114,house,Republican,AL,2,2,2,4.0,2011-01-05,1,,F,1976-07-27
R000582,David,Roe,114,house,Republican,TN,1,3,3,6.0,2009-01-06,1,,M,1945-07-21
R000395,Harold,Rogers,114,house,Republican,KY,5,17,17,34.0,1981-01-05,1,,M,1937-12-31
R000575,Mike,Rogers,114,house,Republican,AL,3,6,6,12.0,2003-01-07,1,,M,1958-07-16
R000409,Dana,Rohrabacher,114,house,Republican,CA,48,13,13,26.0,1989-01-03,1,,M,1947-06-21
R000592,Todd,Rokita,114,house,Republican,IN,4,2,2,4.0,2011-01-05,1,,M,1970-02-09
R000583,Thomas,Rooney,114,house,Republican,FL,17,3,3,6.0,2009-01-06,1,,M,1970-11-21
R000435,Ileana,Ros-Lehtinen,114,house,Republican,FL,27,13,13,26.0,1989-01-03,1,,F,1952-07-15
R000580,Peter,Roskam,114,house,Republican,IL,6,4,4,8.0,2007-01-04,1,,M,1961-09-13
R000593,Dennis,Ross,114,house,Republican,FL,15,2,2,4.0,2011-01-05,1,,M,1959-10-18
R000598,Keith,Rothfus,114,house,Republican,PA,12,1,1,2.0,2013-01-03,1,,M,1962-04-25
R000603,David,Rouzer,114,house,Republican,NC,7,0,0,0.0,2015-01-06,1,,M,1972-02-16
R000486,Lucille,Roybal-Allard,114,house,Democrat,CA,40,11,11,22.0,1993-01-05,1,,F,1941-06-12
R000487,Edward,Royce,114,house,Republican,CA,39,11,11,22.0,1993-01-05,1,,M,1951-10-12
R000599,Raul,Ruiz,114,house,Democrat,CA,36,1,1,2.0,2013-01-03,1,,M,1972-08-25
R000576,C.,Ruppersberger,114,house,Democrat,MD,2,6,6,12.0,2003-01-07,1,,M,1946-01-31
R000515,Bobby,Rush,114,house,Democrat,IL,1,11,11,22.0,1993-01-05,1,,M,1946-11-23
R000604,Steve,Russell,114,house,Republican,OK,5,0,0,0.0,2015-01-06,1,,M,1963-05-25
R000570,Paul,Ryan,114,house,Republican,WI,1,8,8,16.0,1999-01-06,1,,M,1970-01-29
R000577,Tim,Ryan,114,house,Democrat,OH,13,6,6,12.0,2003-01-07,1,,M,1973-07-16
S001177,Gregorio,Sablan,114,house,Independent,MP,0,3,3,6.0,2009-01-06,1,,M,1955-01-19
S000018,Matt,Salmon,114,house,Republican,AZ,5,4,4,20.0,1995-01-04,1,,M,1958-01-21
S000030,Loretta,Sanchez,114,house,Democrat,CA,46,9,9,18.0,1997-01-07,1,,F,1960-01-07
S000051,Marshall,Sanford,114,house,Republican,SC,1,4,4,20.0,1995-01-04,1,,M,1960-05-28
S001168,John,Sarbanes,114,house,Democrat,MD,3,4,4,8.0,2007-01-04,1,,M,1962-05-22
S001176,Steve,Scalise,114,house,Republican,LA,1,4,4,6.7,2008-05-07,1,,M,1965-10-06
S001145,Janice,Schakowsky,114,house,Democrat,IL,9,8,8,16.0,1999-01-06,1,,F,1944-05-26
S001150,Adam,Schiff,114,house,Democrat,CA,28,7,7,14.0,2001-01-03,1,,M,1960-06-22
S001179,Aaron,Schock,114,house,Republican,IL,18,3,3,6.0,2009-01-06,1,,M,1981-05-28
S001180,Kurt,Schrader,114,house,Democrat,OR,5,3,3,6.0,2009-01-06,1,,M,1951-10-19
S001183,David,Schweikert,114,house,Republican,AZ,6,2,2,4.0,2011-01-05,1,,M,1962-03-03
S001189,Austin,Scott,114,house,Republican,GA,8,2,2,4.0,2011-01-05,1,,M,1969-12-10
S001157,David,Scott,114,house,Democrat,GA,13,6,6,12.0,2003-01-07,1,,M,1945-06-27
S000185,Robert,Scott,114,house,Democrat,VA,3,11,11,22.0,1993-01-05,1,,M,1947-04-30
S000244,F.,Sensenbrenner,114,house,Republican,WI,5,18,18,36.0,1979-01-15,1,,M,1943-06-14
S000248,José,Serrano,114,house,Democrat,NY,15,13,13,26.0,1989-01-03,1,,M,1943-10-24
S000250,Pete,Sessions,114,house,Republican,TX,32,9,9,18.0,1997-01-07,1,,M,1955-03-22
S001185,Terri,Sewell,114,house,Democrat,AL,7,2,2,4.0,2011-01-05,1,,F,1965-01-01
S000344,Brad,Sherman,114,house,Democrat,CA,30,9,9,18.0,1997-01-07,1,,M,1954-10-24
S000364,John,Shimkus,114,house,Republican,IL,15,9,9,18.0,1997-01-07,1,,M,1958-02-21
S001154,Bill,Shuster,114,house,Republican,PA,9,7,7,13.6,2001-05-17,1,,M,1961-01-10
S001148,Michael,Simpson,114,house,Republican,ID,2,8,8,16.0,1999-01-06,1,,M,1950-09-08
S001191,Kyrsten,Sinema,114,house,Democrat,AZ,9,1,1,2.0,2013-01-03,1,,F,1976-07-12
S001165,Albio,Sires,114,house,Democrat,NJ,8,5,5,8.1,2006-11-13,1,,M,1951-01-26
S000480,Louise,Slaughter,114,house,Democrat,NY,25,14,14,28.0,1987-01-06,1,,F,1929-08-14
S000510,Adam,Smith,114,house,Democrat,WA,9,9,9,18.0,1997-01-07,1,,M,1965-06-15
S001172,Adrian,Smith,114,house,Republican,NE,3,4,4,8.0,2007-01-04,1,,M,1970-12-19
S000522,Christopher,Smith,114,house,Republican,NJ,4,17,17,34.0,1981-01-05,1,,M,1953-03-04
S001195,Jason,Smith,114,house,Republican,MO,8,1,1,1.6,2013-06-04,1,,M,1980-06-16
S000583,Lamar,Smith,114,house,Republican,TX,21,14,14,28.0,1987-01-06,1,,M,1947-11-19
S001175,Jackie,Speier,114,house,Democrat,CA,14,4,4,6.7,2008-04-08,1,,F,1950-05-14
S001196,Elise,Stefanik,114,house,Republican,NY,21,0,0,0.0,2015-01-06,1,,F,1984-07-02
S001192,Chris,Stewart,114,house,Republican,UT,2,1,1,2.0,2013-01-03,1,,M,1960-07-15
S001187,Steve,Stivers,114,house,Republican,OH,15,2,2,4.0,2011-01-05,1,,M,1965-03-24
S001188,Marlin,Stutzman,114,house,Republican,IN,3,3,3,4.1,2010-11-16,1,,M,1976-08-31
S001193,Eric,Swalwell,114,house,Democrat,CA,15,1,1,2.0,2013-01-03,1,,M,1980-11-16
S001156,Linda,Sánchez,114,house,Democrat,CA,38,6,6,12.0,2003-01-07,1,,F,1969-01-28
T000473,Mark,Takai,114,house,Democrat,HI,1,0,0,0.0,2015-01-06,1,,M,1967-07-01
T000472,Mark,Takano,114,house,Democrat,CA,41,1,1,2.0,2013-01-03,1,,M,1960-12-10
T000193,Bennie,Thompson,114,house,Democrat,MS,2,11,11,21.7,1993-04-13,1,,M,1948-01-28
T000460,Mike,Thompson,114,house,Democrat,CA,5,8,8,16.0,1999-01-06,1,,M,1951-01-24
T000467,Glenn,Thompson,114,house,Republican,PA,5,3,3,6.0,2009-01-06,1,,M,1959-07-27
T000238,Mac,Thornberry,114,house,Republican,TX,13,10,10,20.0,1995-01-04,1,,M,1958-07-15
T000462,Patrick,Tiberi,114,house,Republican,OH,12,7,7,14.0,2001-01-03,1,,M,1962-10-21
T000470,Scott,Tipton,114,house,Republican,CO,3,2,2,4.0,2011-01-05,1,,M,1956-11-09
T000468,Dina,Titus,114,house,Democrat,NV,1,2,2,6.0,2009-01-06,1,,F,1950-05-23
T000469,Paul,Tonko,114,house,Democrat,NY,20,3,3,6.0,2009-01-06,1,,M,1949-06-18
T000474,Norma,Torres,114,house,Democrat,CA,35,0,0,0.0,2015-01-06,1,,F,1965-04-04
T000475,Dave,Trott,114,house,Republican,MI,11,0,0,0.0,2015-01-06,1,,M,1960-10-16
T000465,Niki,Tsongas,114,house,Democrat,MA,3,4,4,7.2,2007-10-16,1,,F,1946-04-26
T000463,Michael,Turner,114,house,Republican,OH,10,6,6,12.0,2003-01-07,1,,M,1960-01-11
U000031,Fred,Upton,114,house,Republican,MI,6,14,14,28.0,1987-01-06,1,,M,1953-04-23
V000129,David,Valadao,114,house,Republican,CA,21,1,1,2.0,2013-01-03,1,,M,1977-04-14
V000128,Chris,Van Hollen,114,house,Democrat,MD,8,6,6,12.0,2003-01-07,1,,M,1959-01-10
V000130,Juan,Vargas,114,house,Democrat,CA,51,1,1,2.0,2013-01-03,1,,M,1961-03-07
V000131,Marc,Veasey,114,house,Democrat,TX,33,1,1,2.0,2013-01-03,1,,M,1971-01-03
V000132,Filemon,Vela,114,house,Democrat,TX,34,1,1,2.0,2013-01-03,1,,M,1963-02-13
V000081,Nydia,Velázquez,114,house,Democrat,NY,7,11,11,22.0,1993-01-05,1,,F,1953-03-28
V000108,Peter,Visclosky,114,house,Democrat,IN,1,15,15,30.0,1985-01-03,1,,M,1949-08-13
W000812,Ann,Wagner,114,house,Republican,MO,2,1,1,2.0,2013-01-03,1,,F,1962-09-13
W000798,Tim,Walberg,114,house,Republican,MI,7,3,3,8.0,2007-01-04,1,,M,1951-04-12
W000791,Greg,Walden,114,house,Republican,OR,2,8,8,16.0,1999-01-06,1,,M,1957-01-10
W000819,Mark,Walker,114,house,Republican,NC,6,0,0,0.0,2015-01-06,1,,M,1969-05-20
W000813,Jackie,Walorski,114,house,Republican,IN,2,1,1,2.0,2013-01-03,1,,F,1963-08-17
W000820,Mimi,Walters,114,house,Republican,CA,45,0,0,0.0,2015-01-06,1,,F,1962-05-14
W000799,Timothy,Walz,114,house,Democrat,MN,1,4,4,8.0,2007-01-04,1,,M,1964-04-06
W000797,Debbie,Wasserman Schultz,114,house,Democrat,FL,23,5,5,10.0,2005-01-04,1,,F,1966-09-27
W000187,Maxine,Waters,114,house,Democrat,CA,43,12,12,24.0,1991-01-03,1,,F,1938-08-15
W000822,Bonnie,Watson Coleman,114,house,Democrat,NJ,12,0,0,0.0,2015-01-06,1,,F,1945-02-06
W000814,Randy,Weber,114,house,Republican,TX,14,1,1,2.0,2013-01-03,1,,M,1953-07-02
W000806,Daniel,Webster,114,house,Republican,FL,10,2,2,4.0,2011-01-05,1,,M,1949-04-27
W000800,Peter,Welch,114,house,Democrat,VT,0,4,4,8.0,2007-01-04,1,,M,1947-05-02
W000815,Brad,Wenstrup,114,house,Republican,OH,2,1,1,2.0,2013-01-03,1,,M,1958-06-17
W000821,Bruce,Westerman,114,house,Republican,AR,4,0,0,0.0,2015-01-06,1,,M,1967-11-18
W000796,Lynn,Westmoreland,114,house,Republican,GA,3,5,5,10.0,2005-01-04,1,,M,1950-04-02
W000413,Ed,Whitfield,114,house,Republican,KY,1,10,10,20.0,1995-01-04,1,,M,1943-05-25
W000816,Roger,Williams,114,house,Republican,TX,25,1,1,2.0,2013-01-03,1,,M,1949-09-13
W000795,Joe,Wilson,114,house,Republican,SC,2,7,7,13.1,2001-12-18,1,,M,1947-07-31
W000808,Frederica,Wilson,114,house,Democrat,FL,24,2,2,4.0,2011-01-05,1,,F,1942-11-05
W000804,Robert,Wittman,114,house,Republican,VA,1,4,4,7.1,2007-12-13,1,,M,1959-02-03
W000809,Steve,Womack,114,house,Republican,AR,3,2,2,4.0,2011-01-05,1,,M,1957-02-18
W000810,Rob,Woodall,114,house,Republican,GA,7,2,2,4.0,2011-01-05,1,,M,1970-02-11
Y000062,John,Yarmuth,114,house,Democrat,KY,3,4,4,8.0,2007-01-04,1,,M,1947-11-04
Y000063,Kevin,Yoder,114,house,Republican,KS,3,2,2,4.0,2011-01-05,1,,M,1976-01-08
Y000065,Ted,Yoho,114,house,Republican,FL,3,1,1,2.0,2013-01-03,1,,M,1955-04-13
Y000064,Todd,Young,114,house,Republican,IN,9,2,2,4.0,2011-01-05,1,,M,1972-08-24
Y000066,David,Young,114,house,Republican,IA,3,0,0,0.0,2015-01-06,1,,M,1968-05-11
Y000033,Don,Young,114,house,Republican,AK,0,21,21,41.8,1973-03-06,1,,M,1933-06-09
Z000017,Lee,Zeldin,114,house,Republican,NY,1,0,0,0.0,2015-01-06,1,,M,1980-01-30
Z000018,Ryan,Zinke,114,house,Republican,MT,0,0,0,0.0,2015-01-06,1,,M,1961-11-01
A000360,Lamar,Alexander,114,senate,Republican,TN,,2,2,12.0,2003-01-07,0,2,M,1940-07-03
A000368,Kelly,Ayotte,114,senate,Republican,NH,,1,1,4.0,2011-01-05,1,3,F,1968-06-27
B001230,Tammy,Baldwin,114,senate,Democrat,WI,,1,8,16.0,1999-01-06,0,1,F,1962-02-11
B001261,John,Barrasso,114,senate,Republican,WY,,2,2,7.5,2007-06-25,0,1,M,1952-07-21
B001267,Michael,Bennet,114,senate,Democrat,CO,,2,2,6.0,2009-01-22,1,3,M,1964-11-28
B001277,Richard,Blumenthal,114,senate,Democrat,CT,,1,1,4.0,2011-01-05,1,3,M,1946-02-13
B000575,Roy,Blunt,114,senate,Republican,MO,,1,8,18.0,1997-01-07,1,3,M,1950-01-10
B001288,Cory,Booker,114,senate,Democrat,NJ,,1,1,1.2,2013-10-31,0,2,M,1969-04-27
B001236,John,Boozman,114,senate,Republican,AR,,1,6,13.1,2001-11-29,1,3,M,1950-12-10
B000711,Barbara,Boxer,114,senate,Democrat,CA,,4,9,32.0,1983-01-03,1,3,F,1940-11-11
B000944,Sherrod,Brown,114,senate,Democrat,OH,,2,9,22.0,1993-01-05,0,1,M,1952-11-09
B001135,Richard,Burr,114,senate,Republican,NC,,2,7,20.0,1995-01-04,1,3,M,1955-11-30
C000127,Maria,Cantwell,114,senate,Democrat,WA,,3,4,22.0,1993-01-05,0,1,F,1958-10-13
C001047,Shelley,Capito,114,senate,Republican,WV,,0,7,14.0,2001-01-03,0,2,F,1953-11-26
C000141,Benjamin,Cardin,114,senate,Democrat,MD,,2,12,28.0,1987-01-06,0,1,M,1943-10-05
C000174,Thomas,Carper,114,senate,Democrat,DE,,3,8,32.0,1983-01-03,0,1,M,1947-01-23
C001070,Robert,Casey,114,senate,Democrat,PA,,2,2,8.0,2007-01-04,0,1,M,1960-04-13
C001075,Bill,Cassidy,114,senate,Republican,LA,,0,3,6.0,2009-01-06,0,2,M,1957-09-28
C000542,Daniel,Coats,114,senate,Republican,IN,,3,7,34.0,1981-01-05,1,3,M,1943-05-16
C000567,Thad,Cochran,114,senate,Republican,MS,,6,9,42.0,1973-01-03,0,2,M,1937-12-07
C001035,Susan,Collins,114,senate,Republican,ME,,3,3,18.0,1997-01-07,0,2,F,1952-12-07
C001088,Christopher,Coons,114,senate,Democrat,DE,,1,1,4.1,2010-11-15,0,2,M,1963-09-09
C001071,Bob,Corker,114,senate,Republican,TN,,2,2,8.0,2007-01-04,0,1,M,1952-08-24
C001056,John,Cornyn,114,senate,Republican,TX,,3,3,12.1,2002-11-30,0,2,M,1952-02-02
C001095,Tom,Cotton,114,senate,Republican,AR,,0,1,2.0,2013-01-03,0,2,M,1977-05-13
C000880,Michael,Crapo,114,senate,Republican,ID,,3,6,22.0,1993-01-05,1,3,M,1951-05-20
C001098,Ted,Cruz,114,senate,Republican,TX,,1,1,2.0,2013-01-03,0,1,M,1970-12-22
D000618,Steve,Daines,114,senate,Republican,MT,,0,1,2.0,2013-01-03,0,2,M,1962-08-20
D000607,Joe,Donnelly,114,senate,Democrat,IN,,1,4,8.0,2007-01-04,0,1,M,1955-09-29
D000563,Richard,Durbin,114,senate,Democrat,IL,,3,10,32.0,1983-01-03,0,2,M,1944-11-21
E000285,Michael,Enzi,114,senate,Republican,WY,,3,3,18.0,1997-01-07,0,2,M,1944-02-01
E000295,Joni,Ernst,114,senate,Republican,IA,,0,0,0.0,2015-01-06,0,2,F,1970-07-01
F000062,Dianne,Feinstein,114,senate,Democrat,CA,,5,5,22.2,1992-11-10,0,1,F,1933-06-22
F000463,Deb,Fischer,114,senate,Republican,NE,,1,1,2.0,2013-01-03,0,1,F,1951-03-01
F000444,Jeff,Flake,114,senate,Republican,AZ,,1,7,14.0,2001-01-03,0,1,M,1962-12-31
F000457,Alan,Franken,114,senate,Democrat,MN,,1,1,5.5,2009-07-07,0,2,M,1951-05-21
G000562,Cory,Gardner,114,senate,Republican,CO,,0,2,4.0,2011-01-05,0,2,M,1974-08-22
G000555,Kirsten,Gillibrand,114,senate,Democrat,NY,,2,4,8.0,2007-01-04,0,1,F,1966-12-09
G000359,Lindsey,Graham,114,senate,Republican,SC,,2,6,20.0,1995-01-04,0,2,M,1955-07-09
G000386,Charles,Grassley,114,senate,Republican,IA,,6,9,40.0,1975-01-14,1,3,M,1933-09-17
H000338,Orrin,Hatch,114,senate,Republican,UT,,7,7,38.0,1977-01-04,0,1,M,1934-03-22
H001046,Martin,Heinrich,114,senate,Democrat,NM,,1,3,6.0,2009-01-06,0,1,M,1971-10-17
H001069,Heidi,Heitkamp,114,senate,Democrat,ND,,1,1,2.0,2013-01-03,0,1,F,1955-10-30
H001041,Dean,Heller,114,senate,Republican,NV,,2,5,8.0,2007-01-04,0,1,M,1960-05-10
H001042,Mazie,Hirono,114,senate,Democrat,HI,,1,4,8.0,2007-01-04,0,1,F,1947-11-03
H001061,John,Hoeven,114,senate,Republican,ND,,1,1,4.0,2011-01-05,1,3,M,1957-03-13
I000024,James,Inhofe,114,senate,Republican,OK,,4,8,28.0,1987-01-06,0,2,M,1934-11-17
I000055,John,Isakson,114,senate,Republican,GA,,2,5,16.0,1999-01-06,1,3,M,1944-12-28
J000293,Ron,Johnson,114,senate,Republican,WI,,1,1,4.0,2011-01-05,1,3,M,1955-04-08
K000384,Timothy,Kaine,114,senate,Democrat,VA,,1,1,2.0,2013-01-03,0,1,M,1958-02-26
K000383,Angus,King,114,senate,Independent,ME,,1,1,2.0,2013-01-03,0,1,M,1944-03-31
K000360,Mark,Kirk,114,senate,Republican,IL,,2,7,14.0,2001-01-03,1,3,M,1959-09-15
K000367,Amy,Klobuchar,114,senate,Democrat,MN,,2,2,8.0,2007-01-04,0,1,F,1960-05-25
L000575,James,Lankford,114,senate,Republican,OK,,0,2,4.0,2011-01-05,1,3,M,1968-03-04
L000174,Patrick,Leahy,114,senate,Democrat,VT,,7,7,40.0,1975-01-14,1,3,M,1940-03-31
L000577,Mike,Lee,114,senate,Republican,UT,,1,1,4.0,2011-01-05,1,3,M,1971-06-04
M001183,Joe,Manchin,114,senate,Democrat,WV,,2,2,4.1,2010-11-15,0,1,M,1947-08-24
M000133,Edward,Markey,114,senate,Democrat,MA,,1,21,40.0,1975-01-14,0,2,M,1946-07-11
M000303,John,McCain,114,senate,Republican,AZ,,5,7,32.0,1983-01-03,1,3,M,1936-08-29
M001170,Claire,McCaskill,114,senate,Democrat,MO,,2,2,8.0,2007-01-04,0,1,F,1953-07-24
M000355,Mitch,McConnell,114,senate,Republican,KY,,5,5,30.0,1985-01-03,0,2,M,1942-02-20
M000639,Robert,Menendez,114,senate,Democrat,NJ,,3,10,22.0,1993-01-05,0,1,M,1954-01-01
M001176,Jeff,Merkley,114,senate,Democrat,OR,,1,1,6.0,2009-01-06,0,2,M,1956-10-24
M000702,Barbara,Mikulski,114,senate,Democrat,MD,,5,10,38.0,1977-01-04,1,3,F,1936-07-20
M000934,Jerry,Moran,114,senate,Republican,KS,,1,8,18.0,1997-01-07,1,3,M,1954-05-29
M001153,Lisa,Murkowski,114,senate,Republican,AK,,3,3,12.0,2003-01-07,1,3,F,1957-05-22
M001169,Christopher,Murphy,114,senate,Democrat,CT,,1,4,8.0,2007-01-04,0,1,M,1973-08-03
M001111,Patty,Murray,114,senate,Democrat,WA,,4,4,22.0,1993-01-05,1,3,F,1950-10-11
N000032,Bill,Nelson,114,senate,Democrat,FL,,3,9,36.0,1979-01-15,0,1,M,1942-09-29
P000603,Rand,Paul,114,senate,Republican,KY,,1,1,4.0,2011-01-05,1,3,M,1963-01-07
P000612,David,Perdue,114,senate,Republican,GA,,0,0,0.0,2015-01-06,0,2,M,1949-12-10
P000595,Gary,Peters,114,senate,Democrat,MI,,0,3,6.0,2009-01-06,0,2,M,1958-12-01
P000449,Robert,Portman,114,senate,Republican,OH,,1,8,21.7,1993-05-04,1,3,M,1955-12-19
R000122,John,Reed,114,senate,Democrat,RI,,3,6,24.0,1991-01-03,0,2,M,1949-11-12
R000146,Harry,Reid,114,senate,Democrat,NV,,5,7,32.0,1983-01-03,1,3,M,1939-12-02
R000584,James,Risch,114,senate,Republican,ID,,1,1,6.0,2009-01-06,0,2,M,1943-05-03
R000307,Pat,Roberts,114,senate,Republican,KS,,3,11,34.0,1981-01-05,0,2,M,1936-04-20
R000605,Mike,Rounds,114,senate,Republican,SD,,0,0,0.0,2015-01-06,0,2,M,1954-10-24
R000595,Marco,Rubio,114,senate,Republican,FL,,1,1,4.0,2011-01-05,1,3,M,1971-05-28
S000033,Bernard,Sanders,114,senate,Independent,VT,,2,10,24.0,1991-01-03,0,1,M,1941-09-08
S001197,Benjamin,Sasse,114,senate,Republican,NE,,0,0,0.0,2015-01-06,0,2,M,1972-02-22
S001194,Brian,Schatz,114,senate,Democrat,HI,,1,1,2.0,2012-12-27,1,3,M,1972-10-20
S000148,Charles,Schumer,114,senate,Democrat,NY,,3,12,34.0,1981-01-05,1,3,M,1950-11-23
S001184,Tim,Scott,114,senate,Republican,SC,,1,2,4.0,2011-01-05,1,3,M,1965-09-19
S001141,Jefferson,Sessions,114,senate,Republican,AL,,3,3,18.0,1997-01-07,1,2,M,1946-12-24
S001181,Jeanne,Shaheen,114,senate,Democrat,NH,,1,1,6.0,2009-01-06,0,2,F,1947-01-28
S000320,Richard,Shelby,114,senate,Republican,AL,,5,9,36.0,1979-01-15,1,3,M,1934-05-06
S000770,Debbie,Stabenow,114,senate,Democrat,MI,,3,5,18.0,1997-01-07,0,1,F,1950-04-29
S001198,Dan,Sullivan,114,senate,Republican,AK,,0,0,0.0,2015-01-06,0,2,M,1964-11-13
T000464,Jon,Tester,114,senate,Democrat,MT,,2,2,8.0,2007-01-04,0,1,M,1956-08-21
T000250,John,Thune,114,senate,Republican,SD,,2,5,18.0,1997-01-07,1,3,M,1961-01-07
T000476,Thom,Tillis,114,senate,Republican,NC,,0,0,0.0,2015-01-06,0,2,M,1960-08-30
T000461,Patrick,Toomey,114,senate,Republican,PA,,1,4,16.0,1999-01-06,1,3,M,1961-11-17
U000039,Tom,Udall,114,senate,Democrat,NM,,1,6,16.0,1999-01-06,0,2,M,1948-05-18
V000127,David,Vitter,114,senate,Republican,LA,,2,5,15.6,1999-06-08,1,3,M,1961-05-03
W000805,Mark,Warner,114,senate,Democrat,VA,,1,1,6.0,2009-01-06,0,2,M,1954-12-15
W000817,Elizabeth,Warren,114,senate,Democrat,MA,,1,1,2.0,2013-01-03,0,1,F,1949-06-22
W000802,Sheldon,Whitehouse,114,senate,Democrat,RI,,2,2,8.0,2007-01-04,0,1,M,1955-10-20
W000437,Roger,Wicker,114,senate,Republican,MS,,2,9,20.0,1995-01-04,0,1,M,1951-07-05
W000779,Ron,Wyden,114,senate,Democrat,OR,,4,12,34.0,1981-01-05,1,3,M,1949-05-03
A000374,Ralph,Abraham,115,house,Republican,LA,5,1,1,2.0,2015-01-06,1,,M,1954-09-16
A000370,Alma,Adams,115,house,Democrat,NC,12,2,2,2.1,2014-11-12,1,,F,1946-05-27
A000055,Robert,Aderholt,115,house,Republican,AL,4,10,10,20.0,1997-01-07,1,,M,1965-07-22
A000371,Pete,Aguilar,115,house,Democrat,CA,31,1,1,2.0,2015-01-06,1,,M,1979-06-19
A000372,Rick,Allen,115,house,Republican,GA,12,1,1,2.0,2015-01-06,1,,M,1951-11-07
A000367,Justin,Amash,115,house,Republican,MI,3,3,3,6.0,2011-01-05,1,,M,1980-04-18
A000369,Mark,Amodei,115,house,Republican,NV,2,3,3,5.3,2011-09-13,1,,M,1958-06-12
A000375,Jodey,Arrington,115,house,Republican,TX,19,0,0,0.0,2017-01-03,1,,M,1972-03-09
B001291,Brian,Babin,115,house,Republican,TX,36,1,1,2.0,2015-01-06,1,,M,1948-03-23
B001298,Don,Bacon,115,house,Republican,NE,2,0,0,0.0,2017-01-03,1,,M,1963-08-16
B001306,Troy,Balderson,115,house,Republican,OH,12,0,0,-1.7,2018-09-05,1,,M,1962-01-16
B001299,Jim,Banks,115,house,Republican,IN,3,0,0,0.0,2017-01-03,1,,M,1979-07-16
B001269,Lou,Barletta,115,house,Republican,PA,11,3,3,6.0,2011-01-05,1,,M,1956-01-28
B001282,Garland,Barr,115,house,Republican,KY,6,2,2,4.0,2013-01-03,1,,M,1973-07-24
B001300,Nanette,Barragán,115,house,Democrat,CA,44,0,0,0.0,2017-01-03,1,,F,1976-09-15
B000213,Joe,Barton,115,house,Republican,TX,6,16,16,32.0,1985-01-03,1,,M,1949-09-15
B001270,Karen,Bass,115,house,Democrat,CA,37,3,3,6.0,2011-01-05,1,,F,1953-10-03
B001281,Joyce,Beatty,115,house,Democrat,OH,3,2,2,4.0,2013-01-03,1,,F,1950-03-12
B000287,Xavier,Becerra,115,house,Democrat,CA,34,12,12,24.0,1993-01-05,1,,M,1958-01-26
B001287,Ami,Bera,115,house,Democrat,CA,7,2,2,4.0,2013-01-03,1,,M,1965-03-02
B001301,Jack,Bergman,115,house,Republican,MI,1,0,0,0.0,2017-01-03,1,,M,1947-02-02
B001292,Donald,Beyer,115,house,Democrat,VA,8,1,1,2.0,2015-01-06,1,,M,1950-06-20
B001302,Andy,Biggs,115,house,Republican,AZ,5,0,0,0.0,2017-01-03,1,,M,1958-11-07
B001257,Gus,Bilirakis,115,house,Republican,FL,12,5,5,10.0,2007-01-04,1,,M,1963-02-08
B000490,Sanford,Bishop,115,house,Democrat,GA,2,12,12,24.0,1993-01-05,1,,M,1947-02-04
B001293,Mike,Bishop,115,house,Republican,MI,8,1,1,2.0,2015-01-06,1,,M,1967-03-18
B001250,Rob,Bishop,115,house,Republican,UT,1,7,7,14.0,2003-01-07,1,,M,1951-07-13
B001273,Diane,Black,115,house,Republican,TN,6,3,3,6.0,2011-01-05,1,,F,1951-01-16
B001243,Marsha,Blackburn,115,house,Republican,TN,7,7,7,14.0,2003-01-07,1,,F,1952-06-06
B001294,Rod,Blum,115,house,Republican,IA,1,1,1,2.0,2015-01-06,1,,M,1955-04-26
B000574,Earl,Blumenauer,115,house,Democrat,OR,3,11,11,20.6,1996-05-21,1,,M,1948-08-16
B001303,Lisa,Blunt Rochester,115,house,Democrat,DE,0,0,0,0.0,2017-01-03,1,,F,1962-02-10
B001278,Suzanne,Bonamici,115,house,Democrat,OR,1,3,3,4.9,2012-02-07,1,,F,1954-10-14
B001245,Madeleine,Bordallo,115,house,Democrat,GU,0,7,7,14.0,2003-01-07,1,,F,1933-05-31
B001295,Mike,Bost,115,house,Republican,IL,12,1,1,2.0,2015-01-06,1,,M,1960-12-30
B001296,Brendan,Boyle,115,house,Democrat,PA,13,1,1,2.0,2015-01-06,1,,M,1977-02-06
B001227,Robert,Brady,115,house,Democrat,PA,1,10,10,18.6,1998-05-19,1,,M,1945-04-07
B000755,Kevin,Brady,115,house,Republican,TX,8,10,10,20.0,1997-01-07,1,,M,1955-04-11
B001290,David,Brat,115,house,Republican,VA,7,2,2,2.1,2014-11-12,1,,M,1964-07-27
B001283,Jim,Bridenstine,115,house,Republican,OK,1,2,2,4.0,2013-01-03,1,,M,1975-06-15
B001284,Susan,Brooks,115,house,Republican,IN,5,2,2,4.0,2013-01-03,1,,F,1960-08-25
B001274,Mo,Brooks,115,house,Republican,AL,5,3,3,6.0,2011-01-05,1,,M,1954-04-29
B001304,Anthony,Brown,115,house,Democrat,MD,4,0,0,0.0,2017-01-03,1,,M,1961-11-21
B001285,Julia,Brownley,115,house,Democrat,CA,26,2,2,4.0,2013-01-03,1,,F,1952-08-28
B001260,Vern,Buchanan,115,house,Republican,FL,16,5,5,10.0,2007-01-04,1,,M,1951-05-08
B001297,Ken,Buck,115,house,Republican,CO,4,1,1,2.0,2015-01-06,1,,M,1959-02-16
B001275,Larry,Bucshon,115,house,Republican,IN,8,3,3,6.0,2011-01-05,1,,M,1962-05-31
B001305,Ted,Budd,115,house,Republican,NC,13,0,0,0.0,2017-01-03,1,,M,1971-10-21
B001248,Michael,Burgess,115,house,Republican,TX,26,7,7,14.0,2003-01-07,1,,M,1950-12-23
B001286,Cheri,Bustos,115,house,Democrat,IL,17,2,2,4.0,2013-01-03,1,,F,1961-10-17
B001251,George,Butterfield,115,house,Democrat,NC,1,7,7,12.5,2004-07-21,1,,M,1947-04-27
B001289,Bradley,Byrne,115,house,Republican,AL,1,2,2,3.0,2014-01-08,1,,M,1955-02-16
C000059,Ken,Calvert,115,house,Republican,CA,42,12,12,24.0,1993-01-05,1,,M,1953-06-08
C001037,Michael,Capuano,115,house,Democrat,MA,7,9,9,18.0,1999-01-06,1,,M,1952-01-09
C001112,Salud,Carbajal,115,house,Democrat,CA,24,0,0,0.0,2017-01-03,1,,M,1964-11-18
C001072,André,Carson,115,house,Democrat,IN,7,5,5,8.8,2008-03-13,1,,M,1974-10-16
C001051,John,Carter,115,house,Republican,TX,31,7,7,14.0,2003-01-07,1,,M,1941-11-06
C001103,Earl,Carter,115,house,Republican,GA,1,1,1,2.0,2015-01-06,1,,M,1957-09-06
C001090,Matthew,Cartwright,115,house,Democrat,PA,17,2,2,4.0,2013-01-03,1,,M,1961-05-01
C001066,Kathy,Castor,115,house,Democrat,FL,14,5,5,10.0,2007-01-04,1,,F,1966-08-20
C001091,Joaquin,Castro,115,house,Democrat,TX,20,2,2,4.0,2013-01-03,1,,M,1974-09-16
C000266,Steve,Chabot,115,house,Republican,OH,1,10,10,22.0,1995-01-04,1,,M,1953-01-22
C001076,Jason,Chaffetz,115,house,Republican,UT,3,4,4,8.0,2009-01-06,1,,M,1967-03-26
C001109,Liz,Cheney,115,house,Republican,WY,0,0,0,0.0,2017-01-03,1,,F,1966-07-28
C001080,Judy,Chu,115,house,Democrat,CA,27,4,4,7.5,2009-07-16,1,,F,1953-07-07
C001084,David,Cicilline,115,house,Democrat,RI,1,3,3,6.0,2011-01-05,1,,M,1961-07-15
C001101,Katherine,Clark,115,house,Democrat,MA,5,2,2,3.1,2013-12-12,1,,F,1963-07-17
C001067,Yvette,Clarke,115,house,Democrat,NY,9,5,5,10.0,2007-01-04,1,,F,1964-11-21
C001049,Wm.,Clay,115,house,Democrat,MO,1,8,8,16.0,2001-01-03,1,,M,1956-07-27
C001061,Emanuel,Cleaver,115,house,Democrat,MO,5,6,6,12.0,2005-01-04,1,,M,1944-10-26
C001115,Michael,Cloud,115,house,Republican,TX,27,0,0,-1.5,2018-07-10,1,,M,1975-05-13
C000537,James,Clyburn,115,house,Democrat,SC,6,12,12,24.0,1993-01-05,1,,M,1940-07-21
C001077,Mike,Coffman,115,house,Republican,CO,6,4,4,8.0,2009-01-06,1,,M,1955-03-19
C001068,Steve,Cohen,115,house,Democrat,TN,9,5,5,10.0,2007-01-04,1,,M,1949-05-24
C001053,Tom,Cole,115,house,Republican,OK,4,7,7,14.0,2003-01-07,1,,M,1949-04-28
C001092,Chris,Collins,115,house,Republican,NY,27,2,2,4.0,2013-01-03,1,,M,1950-05-20
C001093,Doug,Collins,115,house,Republican,GA,9,2,2,4.0,2013-01-03,1,,M,1966-08-16
C001108,James,Comer,115,house,Republican,KY,1,1,1,0.1,2016-11-14,1,,M,1972-08-19
C001105,Barbara,Comstock,115,house,Republican,VA,10,1,1,2.0,2015-01-06,1,,F,1959-06-30
C001062,K.,Conaway,115,house,Republican,TX,11,6,6,12.0,2005-01-04,1,,M,1948-06-11
C001078,Gerald,Connolly,115,house,Democrat,VA,11,4,4,8.0,2009-01-06,1,,M,1950-03-30
C000714,John,Conyers,115,house,Democrat,MI,13,26,26,52.0,1965-01-04,1,,M,1929-05-16
C001094,Paul,Cook,115,house,Republican,CA,8,2,2,4.0,2013-01-03,1,,M,1943-03-03
C000754,Jim,Cooper,115,house,Democrat,TN,5,13,13,34.0,1983-01-03,1,,M,1954-06-19
C001110,J.,Correa,115,house,Democrat,CA,46,0,0,0.0,2017-01-03,1,,M,1958-01-24
C001059,Jim,Costa,115,house,Democrat,CA,16,6,6,12.0,2005-01-04,1,,M,1952-04-13
C001106,Ryan,Costello,115,house,Republican,PA,6,1,1,2.0,2015-01-06,1,,M,1976-09-07
C001069,Joe,Courtney,115,house,Democrat,CT,2,5,5,10.0,2007-01-04,1,,M,1953-04-06
C001096,Kevin,Cramer,115,house,Republican,ND,0,2,2,4.0,2013-01-03,1,,M,1961-01-21
C001087,Eric,Crawford,115,house,Republican,AR,1,3,3,6.0,2011-01-05,1,,M,1966-01-22
C001111,Charlie,Crist,115,house,Democrat,FL,13,0,0,0.0,2017-01-03,1,,M,1956-07-24
C001038,Joseph,Crowley,115,house,Democrat,NY,14,9,9,18.0,1999-01-06,1,,M,1962-03-16
C001063,Henry,Cuellar,115,house,Democrat,TX,28,6,6,12.0,2005-01-04,1,,M,1955-09-19
C001048,John,Culberson,115,house,Republican,TX,7,8,8,16.0,2001-01-03,1,,M,1956-08-24
C000984,Elijah,Cummings,115,house,Democrat,MD,7,11,11,20.7,1996-04-16,1,,M,1951-01-18
C001107,Carlos,Curbelo,115,house,Republican,FL,26,1,1,2.0,2015-01-06,1,,M,1980-03-01
C001114,John,Curtis,115,house,Republican,UT,3,0,0,-0.9,2017-11-13,1,,M,1960-05-10
C001097,Tony,Cárdenas,115,house,Democrat,CA,29,2,2,4.0,2013-01-03,1,,M,1963-03-31
D000626,Warren,Davidson,115,house,Republican,OH,8,1,1,0.6,2016-06-09,1,,M,1970-03-01
D000096,Danny,Davis,115,house,Democrat,IL,7,10,10,20.0,1997-01-07,1,,M,1941-09-06
D000598,Susan,Davis,115,house,Democrat,CA,53,8,8,16.0,2001-01-03,1,,F,1944-04-13
D000619,Rodney,Davis,115,house,Republican,IL,13,2,2,4.0,2013-01-03,1,,M,1970-01-05
D000191,Peter,DeFazio,115,house,Democrat,OR,4,15,15,30.0,1987-01-06,1,,M,1947-05-27
D000197,Diana,DeGette,115,house,Democrat,CO,1,10,10,20.0,1997-01-07,1,,F,1957-07-29
D000216,Rosa,DeLauro,115,house,Democrat,CT,3,13,13,26.0,1991-01-03,1,,F,1943-03-02
D000621,Ron,DeSantis,115,house,Republican,FL,6,2,2,4.0,2013-01-03,1,,M,1978-09-14
D000623,Mark,DeSaulnier,115,house,Democrat,CA,11,1,1,2.0,2015-01-06,1,,M,1952-03-31
D000617,Suzan,DelBene,115,house,Democrat,WA,1,3,3,4.1,2012-11-13,1,,F,1962-02-17
D000620,John,Delaney,115,house,Democrat,MD,6,2,2,4.0,2013-01-03,1,,M,1963-04-16
D000627,Val,Demings,115,house,Democrat,FL,10,0,0,0.0,2017-01-03,1,,F,1957-03-12
D000612,Jeff,Denham,115,house,Republican,CA,10,3,3,6.0,2011-01-05,1,,M,1967-07-29
D000604,Charles,Dent,115,house,Republican,PA,15,6,6,12.0,2005-01-04,1,,M,1960-05-24
D000616,Scott,DesJarlais,115,house,Republican,TN,4,3,3,6.0,2011-01-05,1,,M,1964-02-21
D000610,Theodore,Deutch,115,house,Democrat,FL,22,4,4,6.7,2010-04-15,1,,M,1966-05-07
D000600,Mario,Diaz-Balart,115,house,Republican,FL,25,7,7,14.0,2003-01-07,1,,M,1961-09-25
D000624,Debbie,Dingell,115,house,Democrat,MI,12,1,1,2.0,2015-01-06,1,,F,1953-11-23
D000399,Lloyd,Doggett,115,house,Democrat,TX,35,11,11,22.0,1995-01-04,1,,M,1946-10-06
D000625,Daniel,Donovan,115,house,Republican,NY,11,1,1,1.6,2015-05-12,1,,M,1956-11-06
D000482,Michael,Doyle,115,house,Democrat,PA,14,11,11,22.0,1995-01-04,1,,M,1953-08-05
D000614,Sean,Duffy,115,house,Republican,WI,7,3,3,6.0,2011-01-05,1,,M,1971-10-03
D000533,John,Duncan,115,house,Republican,TN,2,15,15,28.2,1988-11-08,1,,M,1947-07-21
D000615,Jeff,Duncan,115,house,Republican,SC,3,3,3,6.0,2011-01-05,1,,M,1966-01-07
D000628,Neal,Dunn,115,house,Republican,FL,2,0,0,0.0,2017-01-03,1,,M,1953-02-16
E000288,Keith,Ellison,115,house,Democrat,MN,5,5,5,10.0,2007-01-04,1,,M,1963-08-04
E000294,Tom,Emmer,115,house,Republican,MN,6,1,1,2.0,2015-01-06,1,,M,1961-03-03
E000179,Eliot,Engel,115,house,Democrat,NY,16,14,14,28.0,1989-01-03,1,,M,1947-02-18
E000215,Anna,Eshoo,115,house,Democrat,CA,18,12,12,24.0,1993-01-05,1,,F,1942-12-13
E000297,Adriano,Espaillat,115,house,Democrat,NY,13,0,0,0.0,2017-01-03,1,,M,1954-09-27
E000298,Ron,Estes,115,house,Republican,KS,4,0,0,-0.3,2017-04-25,1,,M,1956-07-19
E000293,Elizabeth,Esty,115,house,Democrat,CT,5,2,2,4.0,2013-01-03,1,,F,1959-08-25
E000296,Dwight,Evans,115,house,Democrat,PA,2,1,1,0.1,2016-11-14,1,,M,1954-05-16
F000460,Blake,Farenthold,115,house,Republican,TX,27,3,3,6.0,2011-01-05,1,,M,1961-12-12
F000464,John,Faso,115,house,Republican,NY,19,0,0,0.0,2017-01-03,1,,M,1952-08-25
F000465,A.,Ferguson,115,house,Republican,GA,3,0,0,0.0,2017-01-03,1,,M,1966-11-15
F000466,Brian,Fitzpatrick,115,house,Republican,PA,8,0,0,0.0,2017-01-03,1,,M,1973-12-17
F000459,Charles,Fleischmann,115,house,Republican,TN,3,3,3,6.0,2011-01-05,1,,M,1962-10-11
F000461,Bill,Flores,115,house,Republican,TX,17,3,3,6.0,2011-01-05,1,,M,1954-02-25
F000449,Jeff,Fortenberry,115,house,Republican,NE,1,6,6,12.0,2005-01-04,1,,M,1960-12-27
F000454,Bill,Foster,115,house,Democrat,IL,11,4,4,8.8,2008-03-08,1,,M,1955-10-07
F000450,Virginia,Foxx,115,house,Republican,NC,5,6,6,12.0,2005-01-04,1,,F,1943-06-29
F000462,Lois,Frankel,115,house,Democrat,FL,21,2,2,4.0,2013-01-03,1,,F,1948-05-16
F000448,Trent,Franks,115,house,Republican,AZ,8,7,7,14.0,2003-01-07,1,,M,1957-06-19
F000372,Rodney,Frelinghuysen,115,house,Republican,NJ,11,11,11,22.0,1995-01-04,1,,M,1946-04-29
F000455,Marcia,Fudge,115,house,Democrat,OH,11,5,5,8.1,2008-11-19,1,,F,1952-10-29
G000571,Tulsi,Gabbard,115,house,Democrat,HI,2,2,2,4.0,2013-01-03,1,,F,1981-04-12
G000578,Matt,Gaetz,115,house,Republican,FL,1,0,0,0.0,2017-01-03,1,,M,1982-05-07
G000579,Mike,Gallagher,115,house,Republican,WI,8,0,0,0.0,2017-01-03,1,,M,1984-03-03
G000574,Ruben,Gallego,115,house,Democrat,AZ,7,1,1,2.0,2015-01-06,1,,M,1979-11-20
G000559,John,Garamendi,115,house,Democrat,CA,3,4,4,7.2,2009-11-03,1,,M,1945-01-24
G000580,Thomas,Garrett,115,house,Republican,VA,5,0,0,0.0,2017-01-03,1,,M,1972-03-27
G000584,Greg,Gianforte,115,house,Republican,MT,0,0,0,-0.5,2017-06-21,1,,M,1961-04-17
G000563,Bob,Gibbs,115,house,Republican,OH,7,3,3,6.0,2011-01-05,1,,M,1954-06-14
G000552,Louie,Gohmert,115,house,Republican,TX,1,6,6,12.0,2005-01-04,1,,M,1953-08-18
G000585,Jimmy,Gomez,115,house,Democrat,CA,34,0,0,-0.5,2017-07-11,1,,M,1974-11-25
G000581,Vicente,Gonzalez,115,house,Democrat,TX,15,0,0,0.0,2017-01-03,1,,M,1967-09-04
G000582,Jenniffer,González-Colón,115,house,Republican,PR,0,0,0,0.0,2017-01-03,1,,F,1976-08-05
G000289,Bob,Goodlatte,115,house,Republican,VA,6,12,12,24.0,1993-01-05,1,,M,1952-09-22
G000565,Paul,Gosar,115,house,Republican,AZ,4,3,3,6.0,2011-01-05,1,,M,1958-11-22
G000583,Josh,Gottheimer,115,house,Democrat,NJ,5,0,0,0.0,2017-01-03,1,,M,1975-03-08
G000566,Trey,Gowdy,115,house,Republican,SC,4,3,3,6.0,2011-01-05,1,,M,1964-08-22
G000377,Kay,Granger,115,house,Republican,TX,12,10,10,20.0,1997-01-07,1,,F,1943-01-18
G000546,Sam,Graves,115,house,Republican,MO,6,8,8,16.0,2001-01-03,1,,M,1963-11-07
G000560,Tom,Graves,115,house,Republican,GA,14,4,4,6.6,2010-06-08,1,,M,1970-02-03
G000577,Garret,Graves,115,house,Republican,LA,6,1,1,2.0,2015-01-06,1,,M,1972-01-31
G000553,Al,Green,115,house,Democrat,TX,9,6,6,12.0,2005-01-04,1,,M,1947-09-01
G000410,Gene,Green,115,house,Democrat,TX,29,12,12,24.0,1993-01-05,1,,M,1947-10-17
G000568,H.,Griffith,115,house,Republican,VA,9,3,3,6.0,2011-01-05,1,,M,1958-03-15
G000551,Raúl,Grijalva,115,house,Democrat,AZ,3,7,7,14.0,2003-01-07,1,,M,1948-02-19
G000576,Glenn,Grothman,115,house,Republican,WI,6,1,1,2.0,2015-01-06,1,,M,1955-07-03
G000558,Brett,Guthrie,115,house,Republican,KY,2,4,4,8.0,2009-01-06,1,,M,1964-02-18
G000535,Luis,Gutiérrez,115,house,Democrat,IL,4,12,12,24.0,1993-01-05,1,,M,1953-12-10
H001050,Colleen,Hanabusa,115,house,Democrat,HI,1,3,3,6.0,2011-01-05,1,,F,1951-05-04
H001078,Karen,Handel,115,house,Republican,GA,6,0,0,-0.5,2017-06-26,1,,F,1962-04-18
H001045,Gregg,Harper,115,house,Republican,MS,3,4,4,8.0,2009-01-06,1,,M,1956-06-01
H001052,Andy,Harris,115,house,Republican,MD,1,3,3,6.0,2011-01-05,1,,M,1957-01-25
H001053,Vicky,Hartzler,115,house,Republican,MO,4,3,3,6.0,2011-01-05,1,,F,1960-10-13
H000324,Alcee,Hastings,115,house,Democrat,FL,20,12,12,24.0,1993-01-05,1,,M,1936-09-05
H001064,Denny,Heck,115,house,Democrat,WA,10,2,2,4.0,2013-01-03,1,,M,1952-07-29
H001036,Jeb,Hensarling,115,house,Republican,TX,5,7,7,14.0,2003-01-07,1,,M,1957-05-29
H001082,Kevin,Hern,115,house,Republican,OK,1,0,0,-1.9,2018-11-13,1,,M,1961-12-04
H001056,Jaime,Herrera Beutler,115,house,Republican,WA,3,3,3,6.0,2011-01-05,1,,F,1978-11-03
H001071,Jody,Hice,115,house,Republican,GA,10,1,1,2.0,2015-01-06,1,,M,1960-04-22
H001077,Clay,Higgins,115,house,Republican,LA,3,0,0,0.0,2017-01-03,1,,M,1961-08-24
H001038,Brian,Higgins,115,house,Democrat,NY,26,6,6,12.0,2005-01-04,1,,M,1959-10-06
H001072,J.,Hill,115,house,Republican,AR,2,1,1,2.0,2015-01-06,1,,M,1956-12-05
H001047,James,Himes,115,house,Democrat,CT,4,4,4,8.0,2009-01-06,1,,M,1966-07-05
H001065,George,Holding,115,house,Republican,NC,2,2,2,4.0,2013-01-03,1,,M,1968-04-17
H001074,Trey,Hollingsworth,115,house,Republican,IN,9,0,0,0.0,2017-01-03,1,,M,1983-09-12
H000874,Steny,Hoyer,115,house,Democrat,MD,5,18,18,36.0,1981-01-05,1,,M,1939-06-14
H001067,Richard,Hudson,115,house,Republican,NC,8,2,2,4.0,2013-01-03,1,,M,1971-11-04
H001068,Jared,Huffman,115,house,Democrat,CA,2,2,2,4.0,2013-01-03,1,,M,1964-02-18
H001058,Bill,Huizenga,115,house,Republican,MI,2,3,3,6.0,2011-01-05,1,,M,1969-01-31
H001059,Randy,Hultgren,115,house,Republican,IL,14,3,3,6.0,2011-01-05,1,,M,1966-03-01
H001048,Duncan,Hunter,115,house,Republican,CA,50,4,4,8.0,2009-01-06,1,,M,1976-12-07
H001073,Will,Hurd,115,house,Republican,TX,23,1,1,2.0,2015-01-06,1,,M,1977-08-19
I000056,Darrell,Issa,115,house,Republican,CA,49,8,8,16.0,2001-01-03,1,,M,1953-11-01
J000032,Sheila,Jackson Lee,115,house,Democrat,TX,18,11,11,22.0,1995-01-04,1,,F,1950-01-12
J000298,Pramila,Jayapal,115,house,Democrat,WA,7,0,0,0.0,2017-01-03,1,,F,1965-09-21
J000294,Hakeem,Jeffries,115,house,Democrat,NY,8,2,2,4.0,2013-01-03,1,,M,1970-08-04
J000297,Evan,Jenkins,115,house,Republican,WV,3,1,1,2.0,2015-01-06,1,,M,1960-09-12
J000290,Lynn,Jenkins,115,house,Republican,KS,2,4,4,8.0,2009-01-06,1,,F,1963-06-10
J000288,Henry,Johnson,115,house,Democrat,GA,4,5,5,10.0,2007-01-04,1,,M,1954-10-02
J000299,Mike,Johnson,115,house,Republican,LA,4,0,0,0.0,2017-01-03,1,,M,1972-01-30
J000174,Sam,Johnson,115,house,Republican,TX,3,13,13,26.0,1991-01-03,1,,M,1930-10-11
J000126,Eddie,Johnson,115,house,Democrat,TX,30,12,12,24.0,1993-01-05,1,,F,1935-12-03
J000292,Bill,Johnson,115,house,Republican,OH,6,3,3,6.0,2011-01-05,1,,M,1954-11-10
J000303,Brenda,Jones,115,house,Democrat,MI,13,0,0,-1.9,2018-11-29,1,,F,1959-10-24
J000255,Walter,Jones,115,house,Republican,NC,3,11,11,22.0,1995-01-04,1,,M,1943-02-10
J000289,Jim,Jordan,115,house,Republican,OH,4,5,5,10.0,2007-01-04,1,,M,1964-02-17
J000295,David,Joyce,115,house,Republican,OH,14,2,2,4.0,2013-01-03,1,,M,1957-03-17
K000009,Marcy,Kaptur,115,house,Democrat,OH,9,17,17,34.0,1983-01-03,1,,F,1946-06-17
K000386,John,Katko,115,house,Republican,NY,24,1,1,2.0,2015-01-06,1,,M,1962-11-09
K000375,William,Keating,115,house,Democrat,MA,9,3,3,6.0,2011-01-05,1,,M,1952-09-06
K000376,Mike,Kelly,115,house,Republican,PA,3,3,3,6.0,2011-01-05,1,,M,1948-05-10
K000385,Robin,Kelly,115,house,Democrat,IL,2,2,2,3.7,2013-04-09,1,,F,1956-04-30
K000388,Trent,Kelly,115,house,Republican,MS,1,1,1,1.6,2015-06-09,1,,M,1966-03-01
K000379,Joseph,Kennedy,115,house,Democrat,MA,4,2,2,4.0,2013-01-03,1,,M,1980-10-04
K000389,Ro,Khanna,115,house,Democrat,CA,17,0,0,0.0,2017-01-03,1,,M,1976-09-13
K000390,Ruben,Kihuen,115,house,Democrat,NV,4,0,0,0.0,2017-01-03,1,,M,1980-04-25
K000380,Daniel,Kildee,115,house,Democrat,MI,5,2,2,4.0,2013-01-03,1,,M,1958-08-11
K000381,Derek,Kilmer,115,house,Democrat,WA,6,2,2,4.0,2013-01-03,1,,M,1974-01-01
K000188,Ron,Kind,115,house,Democrat,WI,3,10,10,20.0,1997-01-07,1,,M,1963-03-16
K000210,Peter,King,115,house,Republican,NY,2,12,12,24.0,1993-01-05,1,,M,1944-04-05
K000362,Steve,King,115,house,Republican,IA,4,7,7,14.0,2003-01-07,1,,M,1949-05-28
K000378,Adam,Kinzinger,115,house,Republican,IL,16,3,3,6.0,2011-01-05,1,,M,1978-02-27
K000387,Steve,Knight,115,house,Republican,CA,25,1,1,2.0,2015-01-06,1,,M,1966-12-17
K000391,Raja,Krishnamoorthi,115,house,Democrat,IL,8,0,0,0.0,2017-01-03,1,,M,1973-07-19
K000382,Ann,Kuster,115,house,Democrat,NH,2,2,2,4.0,2013-01-03,1,,F,1956-09-05
K000392,David,Kustoff,115,house,Republican,TN,8,0,0,0.0,2017-01-03,1,,M,1966-10-08
L000585,Darin,LaHood,115,house,Republican,IL,18,1,1,1.3,2015-09-17,1,,M,1968-07-05
L000578,Doug,LaMalfa,115,house,Republican,CA,1,2,2,4.0,2013-01-03,1,,M,1960-07-02
L000573,Raúl,Labrador,115,house,Republican,ID,1,3,3,6.0,2011-01-05,1,,M,1967-12-08
L000588,Conor,Lamb,115,house,Democrat,PA,18,0,0,-1.3,2018-04-12,1,,M,1984-06-27
L000564,Doug,Lamborn,115,house,Republican,CO,5,5,5,10.0,2007-01-04,1,,M,1954-05-24
L000567,Leonard,Lance,115,house,Republican,NJ,7,4,4,8.0,2009-01-06,1,,M,1952-06-25
L000559,James,Langevin,115,house,Democrat,RI,2,8,8,16.0,2001-01-03,1,,M,1964-04-22
L000560,Rick,Larsen,115,house,Democrat,WA,2,8,8,16.0,2001-01-03,1,,M,1965-06-15
L000557,John,Larson,115,house,Democrat,CT,1,9,9,18.0,1999-01-06,1,,M,1948-07-22
L000566,Robert,Latta,115,house,Republican,OH,5,5,5,9.1,2007-12-13,1,,M,1956-04-18
L000581,Brenda,Lawrence,115,house,Democrat,MI,14,1,1,2.0,2015-01-06,1,,F,1954-10-18
L000586,Al,Lawson,115,house,Democrat,FL,5,0,0,0.0,2017-01-03,1,,M,1948-09-23
L000551,Barbara,Lee,115,house,Democrat,CA,13,10,10,18.7,1998-04-07,1,,F,1946-07-16
L000589,Debbie,Lesko,115,house,Republican,AZ,8,0,0,-1.3,2018-05-07,1,,F,1958-11-14
L000263,Sander,Levin,115,house,Democrat,MI,9,17,17,34.0,1983-01-03,1,,M,1931-09-06
L000587,Jason,Lewis,115,house,Republican,MN,2,0,0,0.0,2017-01-03,1,,M,1955-09-23
L000287,John,Lewis,115,house,Democrat,GA,5,15,15,30.0,1987-01-06,1,,M,1940-02-21
L000582,Ted,Lieu,115,house,Democrat,CA,33,1,1,2.0,2015-01-06,1,,M,1969-03-29
L000563,Daniel,Lipinski,115,house,Democrat,IL,3,6,6,12.0,2005-01-04,1,,M,1966-07-15
L000554,Frank,LoBiondo,115,house,Republican,NJ,2,11,11,22.0,1995-01-04,1,,M,1946-05-12
L000565,David,Loebsack,115,house,Democrat,IA,2,5,5,10.0,2007-01-04,1,,M,1952-12-23
L000397,Zoe,Lofgren,115,house,Democrat,CA,19,11,11,22.0,1995-01-04,1,,F,1947-12-21
L000576,Billy,Long,115,house,Republican,MO,7,3,3,6.0,2011-01-05,1,,M,1955-08-11
L000583,Barry,Loudermilk,115,house,Republican,GA,11,1,1,2.0,2015-01-06,1,,M,1963-12-22
L000584,Mia,Love,115,house,Republican,UT,4,1,1,2.0,2015-01-06,1,,F,1975-12-06
L000579,Alan,Lowenthal,115,house,Democrat,CA,47,2,2,4.0,2013-01-03,1,,M,1941-03-08
L000480,Nita,Lowey,115,house,Democrat,NY,17,14,14,28.0,1989-01-03,1,,F,1937-07-05
L000491,Frank,Lucas,115,house,Republican,OK,3,12,12,23.7,1993-05-10,1,,M,1960-01-06
L000569,Blaine,Luetkemeyer,115,house,Republican,MO,3,4,4,8.0,2009-01-06,1,,M,1952-05-07
L000580,Michelle,Lujan Grisham,115,house,Democrat,NM,1,2,2,4.0,2013-01-03,1,,F,1959-10-24
L000570,Ben,Luján,115,house,Democrat,NM,3,4,4,8.0,2009-01-06,1,,M,1972-06-07
L000562,Stephen,Lynch,115,house,Democrat,MA,8,8,8,15.2,2001-10-23,1,,M,1955-03-31
M001193,Tom,MacArthur,115,house,Republican,NJ,3,1,1,2.0,2015-01-06,1,,M,1960-10-16
M000087,Carolyn,Maloney,115,house,Democrat,NY,12,12,12,24.0,1993-01-05,1,,F,1946-02-19
M001185,Sean,Maloney,115,house,Democrat,NY,18,2,2,4.0,2013-01-03,1,,M,1966-07-30
M001158,Kenny,Marchant,115,house,Republican,TX,24,6,6,12.0,2005-01-04,1,,M,1951-02-23
M001179,Tom,Marino,115,house,Republican,PA,10,3,3,6.0,2011-01-05,1,,M,1952-08-15
M001198,Roger,Marshall,115,house,Republican,KS,1,0,0,0.0,2017-01-03,1,,M,1960-08-09
M001184,Thomas,Massie,115,house,Republican,KY,4,3,3,4.1,2012-11-13,1,,M,1971-01-13
M001199,Brian,Mast,115,house,Republican,FL,18,0,0,0.0,2017-01-03,1,,M,1980-07-10
M001163,Doris,Matsui,115,house,Democrat,CA,6,6,6,11.8,2005-03-10,1,,F,1944-09-25
M001165,Kevin,McCarthy,115,house,Republican,CA,23,5,5,10.0,2007-01-04,1,,M,1965-01-26
M001157,Michael,McCaul,115,house,Republican,TX,10,6,6,12.0,2005-01-04,1,,M,1962-01-14
M001177,Tom,McClintock,115,house,Republican,CA,4,4,4,8.0,2009-01-06,1,,M,1956-07-10
M001143,Betty,McCollum,115,house,Democrat,MN,4,8,8,16.0,2001-01-03,1,,F,1954-07-12
M001200,A.,McEachin,115,house,Democrat,VA,4,0,0,0.0,2017-01-03,1,,M,1961-10-10
M000312,James,McGovern,115,house,Democrat,MA,2,10,10,20.0,1997-01-07,1,,M,1959-11-20
M001156,Patrick,McHenry,115,house,Republican,NC,10,6,6,12.0,2005-01-04,1,,M,1975-10-22
M001180,David,McKinley,115,house,Republican,WV,1,3,3,6.0,2011-01-05,1,,M,1947-03-28
M001159,Cathy,McMorris Rodgers,115,house,Republican,WA,5,6,6,12.0,2005-01-04,1,,F,1969-05-22
M001166,Jerry,McNerney,115,house,Democrat,CA,9,5,5,10.0,2007-01-04,1,,M,1951-06-18
M001197,Martha,McSally,115,house,Republican,AZ,2,1,1,2.0,2015-01-06,1,,F,1966-03-22
M001187,Mark,Meadows,115,house,Republican,NC,11,2,2,4.0,2013-01-03,1,,M,1959-07-28
M001181,Patrick,Meehan,115,house,Republican,PA,7,3,3,6.0,2011-01-05,1,,M,1955-10-20
M001137,Gregory,Meeks,115,house,Democrat,NY,5,10,10,20.0,1997-01-07,1,,M,1953-09-25
M001188,Grace,Meng,115,house,Democrat,NY,6,2,2,4.0,2013-01-03,1,,F,1975-10-01
M001189,Luke,Messer,115,house,Republican,IN,6,2,2,4.0,2013-01-03,1,,M,1969-02-27
M001201,Paul,Mitchell,115,house,Republican,MI,10,0,0,0.0,2017-01-03,1,,M,1961-05-08
M001194,John,Moolenaar,115,house,Republican,MI,4,1,1,2.0,2015-01-06,1,,M,1961-05-08
M001195,Alexander,Mooney,115,house,Republican,WV,2,1,1,2.0,2015-01-06,1,,M,1971-06-05
M001160,Gwen,Moore,115,house,Democrat,WI,4,6,6,12.0,2005-01-04,1,,F,1951-04-18
M001206,Joseph,Morelle,115,house,Democrat,NY,25,0,0,-1.9,2018-11-13,1,,M,1957-04-29
M001196,Seth,Moulton,115,house,Democrat,MA,6,1,1,2.0,2015-01-06,1,,M,1978-10-24
M001190,Markwayne,Mullin,115,house,Republican,OK,2,2,2,4.0,2013-01-03,1,,M,1977-07-26
M001182,Mick,Mulvaney,115,house,Republican,SC,5,3,3,6.0,2011-01-05,1,,M,1967-07-21
M001151,Tim,Murphy,115,house,Republican,PA,18,7,7,14.0,2003-01-07,1,,M,1952-09-11
M001202,Stephanie,Murphy,115,house,Democrat,FL,7,0,0,0.0,2017-01-03,1,,F,1978-09-16
N000002,Jerrold,Nadler,115,house,Democrat,NY,10,13,13,24.2,1992-11-03,1,,M,1947-06-13
N000179,Grace,Napolitano,115,house,Democrat,CA,32,9,9,18.0,1999-01-06,1,,F,1936-12-04
N000015,Richard,Neal,115,house,Democrat,MA,1,14,14,28.0,1989-01-03,1,,M,1949-02-14
N000189,Dan,Newhouse,115,house,Republican,WA,4,1,1,2.0,2015-01-06,1,,M,1955-07-10
N000184,Kristi,Noem,115,house,Republican,SD,0,3,3,6.0,2011-01-05,1,,F,1971-11-30
N000127,Richard,Nolan,115,house,Democrat,MN,8,5,5,42.0,1975-01-14,1,,M,1943-12-17
N000188,Donald,Norcross,115,house,Democrat,NJ,1,2,2,2.1,2014-11-12,1,,M,1958-12-13
N000190,Ralph,Norman,115,house,Republican,SC,5,0,0,-0.5,2017-06-26,1,,M,1953-06-20
N000147,Eleanor,Norton,115,house,Democrat,DC,0,13,13,26.0,1991-01-03,1,,F,1937-06-13
N000181,Devin,Nunes,115,house,Republican,CA,22,7,7,14.0,2003-01-07,1,,M,1973-10-01
O000168,Pete,Olson,115,house,Republican,TX,22,4,4,8.0,2009-01-06,1,,M,1962-12-09
O000171,Tom,O’Halleran,115,house,Democrat,AZ,1,0,0,0.0,2017-01-03,1,,M,1946-01-24
O000170,Beto,O’Rourke,115,house,Democrat,TX,16,2,2,4.0,2013-01-03,1,,M,1972-09-26
P000601,Steven,Palazzo,115,house,Republican,MS,4,3,3,6.0,2011-01-05,1,,M,1970-02-21
P000034,Frank,Pallone,115,house,Democrat,NJ,6,15,15,30.0,1987-01-06,1,,M,1951-10-30
P000609,Gary,Palmer,115,house,Republican,AL,6,1,1,2.0,2015-01-06,1,,M,1954-05-14
P000613,Jimmy,Panetta,115,house,Democrat,CA,20,0,0,0.0,2017-01-03,1,,M,1969-10-01
P000096,Bill,Pascrell,115,house,Democrat,NJ,9,10,10,20.0,1997-01-07,1,,M,1937-01-25
P000594,Erik,Paulsen,115,house,Republican,MN,3,4,4,8.0,2009-01-06,1,,M,1965-05-14
P000604,Donald,Payne,115,house,Democrat,NJ,10,3,3,4.1,2012-11-15,1,,M,1958-12-17
P000588,Stevan,Pearce,115,house,Republican,NM,2,6,6,14.0,2003-01-07,1,,M,1947-08-24
P000197,Nancy,Pelosi,115,house,Democrat,CA,12,15,15,30.0,1987-01-06,1,,F,1940-03-26
P000593,Ed,Perlmutter,115,house,Democrat,CO,7,5,5,10.0,2007-01-04,1,,M,1953-05-01
P000605,Scott,Perry,115,house,Republican,PA,4,2,2,4.0,2013-01-03,1,,M,1962-05-27
P000608,Scott,Peters,115,house,Democrat,CA,52,2,2,4.0,2013-01-03,1,,M,1958-06-17
P000258,Collin,Peterson,115,house,Democrat,MN,7,13,13,26.0,1991-01-03,1,,M,1944-06-29
P000597,Chellie,Pingree,115,house,Democrat,ME,1,4,4,8.0,2009-01-06,1,,F,1955-04-02
P000606,Robert,Pittenger,115,house,Republican,NC,9,2,2,4.0,2013-01-03,1,,M,1948-08-15
P000610,Stacey,Plaskett,115,house,Democrat,VI,0,1,1,2.0,2015-01-06,1,,F,1966-05-13
P000607,Mark,Pocan,115,house,Democrat,WI,2,2,2,4.0,2013-01-03,1,,M,1964-08-14
P000592,Ted,Poe,115,house,Republican,TX,2,6,6,12.0,2005-01-04,1,,M,1948-09-10
P000611,Bruce,Poliquin,115,house,Republican,ME,2,1,1,2.0,2015-01-06,1,,M,1953-11-01
P000598,Jared,Polis,115,house,Democrat,CO,2,4,4,8.0,2009-01-06,1,,M,1975-05-12
P000602,Mike,Pompeo,115,house,Republican,KS,4,3,3,6.0,2011-01-05,1,,M,1963-12-30
P000599,Bill,Posey,115,house,Republican,FL,8,4,4,8.0,2009-01-06,1,,M,1947-12-18
P000591,Tom,Price,115,house,Republican,GA,6,6,6,12.0,2005-01-04,1,,M,1954-10-08
P000523,David,Price,115,house,Democrat,NC,4,14,14,30.0,1987-01-06,1,,M,1940-08-17
Q000023,Mike,Quigley,115,house,Democrat,IL,5,4,4,7.7,2009-04-07,1,,M,1958-10-17
R000600,Aumua Amata,Radewagen,115,house,Republican,AS,0,1,1,2.0,2015-01-06,1,,F,1947-12-29
R000606,Jamie,Raskin,115,house,Democrat,MD,8,0,0,0.0,2017-01-03,1,,M,1962-12-13
R000601,John,Ratcliffe,115,house,Republican,TX,4,1,1,2.0,2015-01-06,1,,M,1965-10-20
R000585,Tom,Reed,115,house,Republican,NY,23,4,4,6.1,2010-11-18,1,,M,1971-11-18
R000578,David,Reichert,115,house,Republican,WA,8,6,6,12.0,2005-01-04,1,,M,1950-08-29
R000586,James,Renacci,115,house,Republican,OH,16,3,3,6.0,2011-01-05,1,,M,1958-12-03
R000597,Tom,Rice,115,house,Republican,SC,7,2,2,4.0,2013-01-03,1,,M,1957-08-04
R000602,Kathleen,Rice,115,house,Democrat,NY,4,1,1,2.0,2015-01-06,1,,F,1965-02-15
R000588,Cedric,Richmond,115,house,Democrat,LA,2,3,3,6.0,2011-01-05,1,,M,1973-09-13
R000591,Martha,Roby,115,house,Republican,AL,2,3,3,6.0,2011-01-05,1,,F,1976-07-27
R000582,David,Roe,115,house,Republican,TN,1,4,4,8.0,2009-01-06,1,,M,1945-07-21
R000395,Harold,Rogers,115,house,Republican,KY,5,18,18,36.0,1981-01-05,1,,M,1937-12-31
R000575,Mike,Rogers,115,house,Republican,AL,3,7,7,14.0,2003-01-07,1,,M,1958-07-16
R000409,Dana,Rohrabacher,115,house,Republican,CA,48,14,14,28.0,1989-01-03,1,,M,1947-06-21
R000592,Todd,Rokita,115,house,Republican,IN,4,3,3,6.0,2011-01-05,1,,M,1970-02-09
R000583,Thomas,Rooney,115,house,Republican,FL,17,4,4,8.0,2009-01-06,1,,M,1970-11-21
R000607,Francis,Rooney,115,house,Republican,FL,19,0,0,0.0,2017-01-03,1,,M,1953-12-04
R000435,Ileana,Ros-Lehtinen,115,house,Republican,FL,27,14,14,28.0,1989-01-03,1,,F,1952-07-15
R000608,Jacky,Rosen,115,house,Democrat,NV,3,0,0,0.0,2017-01-03,1,,F,1957-08-02
R000580,Peter,Roskam,115,house,Republican,IL,6,5,5,10.0,2007-01-04,1,,M,1961-09-13
R000593,Dennis,Ross,115,house,Republican,FL,15,3,3,6.0,2011-01-05,1,,M,1959-10-18
R000598,Keith,Rothfus,115,house,Republican,PA,12,2,2,4.0,2013-01-03,1,,M,1962-04-25
R000603,David,Rouzer,115,house,Republican,NC,7,1,1,2.0,2015-01-06,1,,M,1972-02-16
R000486,Lucille,Roybal-Allard,115,house,Democrat,CA,40,12,12,24.0,1993-01-05,1,,F,1941-06-12
R000487,Edward,Royce,115,house,Republican,CA,39,12,12,24.0,1993-01-05,1,,M,1951-10-12
R000599,Raul,Ruiz,115,house,Democrat,CA,36,2,2,4.0,2013-01-03,1,,M,1972-08-25
R000576,C.,Ruppersberger,115,house,Democrat,MD,2,7,7,14.0,2003-01-07,1,,M,1946-01-31
R000515,Bobby,Rush,115,house,Democrat,IL,1,12,12,24.0,1993-01-05,1,,M,1946-11-23
R000604,Steve,Russell,115,house,Republican,OK,5,1,1,2.0,2015-01-06,1,,M,1963-05-25
R000609,John,Rutherford,115,house,Republican,FL,4,0,0,0.0,2017-01-03,1,,M,1952-09-02
R000570,Paul,Ryan,115,house,Republican,WI,1,9,9,18.0,1999-01-06,1,,M,1970-01-29
R000577,Tim,Ryan,115,house,Democrat,OH,13,7,7,14.0,2003-01-07,1,,M,1973-07-16
S001177,Gregorio,Sablan,115,house,Democrat,MP,0,4,4,8.0,2009-01-06,1,,M,1955-01-19
S000051,Marshall,Sanford,115,house,Republican,SC,1,5,5,22.0,1995-01-04,1,,M,1960-05-28
S001168,John,Sarbanes,115,house,Democrat,MD,3,5,5,10.0,2007-01-04,1,,M,1962-05-22
S001176,Steve,Scalise,115,house,Republican,LA,1,5,5,8.7,2008-05-07,1,,M,1965-10-06
S001205,Mary,Scanlon,115,house,Democrat,PA,7,0,0,-1.9,2018-11-13,1,,F,1959-08-30
S001145,Janice,Schakowsky,115,house,Democrat,IL,9,9,9,18.0,1999-01-06,1,,F,1944-05-26
S001150,Adam,Schiff,115,house,Democrat,CA,28,8,8,16.0,2001-01-03,1,,M,1960-06-22
S001190,Bradley,Schneider,115,house,Democrat,IL,10,1,1,4.0,2013-01-03,1,,M,1961-08-20
S001180,Kurt,Schrader,115,house,Democrat,OR,5,4,4,8.0,2009-01-06,1,,M,1951-10-19
S001183,David,Schweikert,115,house,Republican,AZ,6,3,3,6.0,2011-01-05,1,,M,1962-03-03
S001189,Austin,Scott,115,house,Republican,GA,8,3,3,6.0,2011-01-05,1,,M,1969-12-10
S001157,David,Scott,115,house,Democrat,GA,13,7,7,14.0,2003-01-07,1,,M,1945-06-27
S000185,Robert,Scott,115,house,Democrat,VA,3,12,12,24.0,1993-01-05,1,,M,1947-04-30
S000244,F.,Sensenbrenner,115,house,Republican,WI,5,19,19,38.0,1979-01-15,1,,M,1943-06-14
S000248,José,Serrano,115,house,Democrat,NY,15,14,14,28.0,1989-01-03,1,,M,1943-10-24
S000250,Pete,Sessions,115,house,Republican,TX,32,10,10,20.0,1997-01-07,1,,M,1955-03-22
S001185,Terri,Sewell,115,house,Democrat,AL,7,3,3,6.0,2011-01-05,1,,F,1965-01-01
S001170,Carol,Shea-Porter,115,house,Democrat,NH,1,3,3,10.0,2007-01-04,1,,F,1952-12-02
S000344,Brad,Sherman,115,house,Democrat,CA,30,10,10,20.0,1997-01-07,1,,M,1954-10-24
S000364,John,Shimkus,115,house,Republican,IL,15,10,10,20.0,1997-01-07,1,,M,1958-02-21
S001154,Bill,Shuster,115,house,Republican,PA,9,8,8,15.6,2001-05-17,1,,M,1961-01-10
S001148,Michael,Simpson,115,house,Republican,ID,2,9,9,18.0,1999-01-06,1,,M,1950-09-08
S001191,Kyrsten,Sinema,115,house,Democrat,AZ,9,2,2,4.0,2013-01-03,1,,F,1976-07-12
S001165,Albio,Sires,115,house,Democrat,NJ,8,6,6,10.1,2006-11-13,1,,M,1951-01-26
S000480,Louise,Slaughter,115,house,Democrat,NY,25,15,15,30.0,1987-01-06,1,,F,1929-08-14
S000510,Adam,Smith,115,house,Democrat,WA,9,10,10,20.0,1997-01-07,1,,M,1965-06-15
S001172,Adrian,Smith,115,house,Republican,NE,3,5,5,10.0,2007-01-04,1,,M,1970-12-19
S000522,Christopher,Smith,115,house,Republican,NJ,4,18,18,36.0,1981-01-05,1,,M,1953-03-04
S001195,Jason,Smith,115,house,Republican,MO,8,2,2,3.6,2013-06-04,1,,M,1980-06-16
S000583,Lamar,Smith,115,house,Republican,TX,21,15,15,30.0,1987-01-06,1,,M,1947-11-19
S001199,Lloyd,Smucker,115,house,Republican,PA,16,0,0,0.0,2017-01-03,1,,M,1964-01-23
S001200,Darren,Soto,115,house,Democrat,FL,9,0,0,0.0,2017-01-03,1,,M,1978-02-25
S001175,Jackie,Speier,115,house,Democrat,CA,14,5,5,8.7,2008-04-08,1,,F,1950-05-14
S001196,Elise,Stefanik,115,house,Republican,NY,21,1,1,2.0,2015-01-06,1,,F,1984-07-02
S001192,Chris,Stewart,115,house,Republican,UT,2,2,2,4.0,2013-01-03,1,,M,1960-07-15
S001187,Steve,Stivers,115,house,Republican,OH,15,3,3,6.0,2011-01-05,1,,M,1965-03-24
S001201,Thomas,Suozzi,115,house,Democrat,NY,3,0,0,0.0,2017-01-03,1,,M,1962-08-31
S001193,Eric,Swalwell,115,house,Democrat,CA,15,2,2,4.0,2013-01-03,1,,M,1980-11-16
S001156,Linda,Sánchez,115,house,Democrat,CA,38,7,7,14.0,2003-01-07,1,,F,1969-01-28
T000472,Mark,Takano,115,house,Democrat,CA,41,2,2,4.0,2013-01-03,1,,M,1960-12-10
T000477,Scott,Taylor,115,house,Republican,VA,2,0,0,0.0,2017-01-03,1,,M,1979-06-27
T000478,Claudia,Tenney,115,house,Republican,NY,22,0,0,0.0,2017-01-03,1,,F,1961-02-04
T000193,Bennie,Thompson,115,house,Democrat,MS,2,12,12,23.7,1993-04-13,1,,M,1948-01-28
T000460,Mike,Thompson,115,house,Democrat,CA,5,9,9,18.0,1999-01-06,1,,M,1951-01-24
T000467,Glenn,Thompson,115,house,Republican,PA,5,4,4,8.0,2009-01-06,1,,M,1959-07-27
T000238,Mac,Thornberry,115,house,Republican,TX,13,11,11,22.0,1995-01-04,1,,M,1958-07-15
T000462,Patrick,Tiberi,115,house,Republican,OH,12,8,8,16.0,2001-01-03,1,,M,1962-10-21
T000470,Scott,Tipton,115,house,Republican,CO,3,3,3,6.0,2011-01-05,1,,M,1956-11-09
T000468,Dina,Titus,115,house,Democrat,NV,1,3,3,8.0,2009-01-06,1,,F,1950-05-23
T000469,Paul,Tonko,115,house,Democrat,NY,20,4,4,8.0,2009-01-06,1,,M,1949-06-18
T000474,Norma,Torres,115,house,Democrat,CA,35,1,1,2.0,2015-01-06,1,,F,1965-04-04
T000475,Dave,Trott,115,house,Republican,MI,11,1,1,2.0,2015-01-06,1,,M,1960-10-16
T000465,Niki,Tsongas,115,house,Democrat,MA,3,5,5,9.2,2007-10-16,1,,F,1946-04-26
T000463,Michael,Turner,115,house,Republican,OH,10,7,7,14.0,2003-01-07,1,,M,1960-01-11
U000031,Fred,Upton,115,house,Republican,MI,6,15,15,30.0,1987-01-06,1,,M,1953-04-23
V000129,David,Valadao,115,house,Republican,CA,21,2,2,4.0,2013-01-03,1,,M,1977-04-14
V000130,Juan,Vargas,115,house,Democrat,CA,51,2,2,4.0,2013-01-03,1,,M,1961-03-07
V000131,Marc,Veasey,115,house,Democrat,TX,33,2,2,4.0,2013-01-03,1,,M,1971-01-03
V000132,Filemon,Vela,115,house,Democrat,TX,34,2,2,4.0,2013-01-03,1,,M,1963-02-13
V000081,Nydia,Velázquez,115,house,Democrat,NY,7,12,12,24.0,1993-01-05,1,,F,1953-03-28
V000108,Peter,Visclosky,115,house,Democrat,IN,1,16,16,32.0,1985-01-03,1,,M,1949-08-13
W000812,Ann,Wagner,115,house,Republican,MO,2,2,2,4.0,2013-01-03,1,,F,1962-09-13
W000798,Tim,Walberg,115,house,Republican,MI,7,4,4,10.0,2007-01-04,1,,M,1951-04-12
W000791,Greg,Walden,115,house,Republican,OR,2,9,9,18.0,1999-01-06,1,,M,1957-01-10
W000819,Mark,Walker,115,house,Republican,NC,6,1,1,2.0,2015-01-06,1,,M,1969-05-20
W000813,Jackie,Walorski,115,house,Republican,IN,2,2,2,4.0,2013-01-03,1,,F,1963-08-17
W000820,Mimi,Walters,115,house,Republican,CA,45,1,1,2.0,2015-01-06,1,,F,1962-05-14
W000799,Timothy,Walz,115,house,Democrat,MN,1,5,5,10.0,2007-01-04,1,,M,1964-04-06
W000797,Debbie,Wasserman Schultz,115,house,Democrat,FL,23,6,6,12.0,2005-01-04,1,,F,1966-09-27
W000187,Maxine,Waters,115,house,Democrat,CA,43,13,13,26.0,1991-01-03,1,,F,1938-08-15
W000822,Bonnie,Watson Coleman,115,house,Democrat,NJ,12,1,1,2.0,2015-01-06,1,,F,1945-02-06
W000814,Randy,Weber,115,house,Republican,TX,14,2,2,4.0,2013-01-03,1,,M,1953-07-02
W000806,Daniel,Webster,115,house,Republican,FL,11,3,3,6.0,2011-01-05,1,,M,1949-04-27
W000800,Peter,Welch,115,house,Democrat,VT,0,5,5,10.0,2007-01-04,1,,M,1947-05-02
W000815,Brad,Wenstrup,115,house,Republican,OH,2,2,2,4.0,2013-01-03,1,,M,1958-06-17
W000821,Bruce,Westerman,115,house,Republican,AR,4,1,1,2.0,2015-01-06,1,,M,1967-11-18
W000826,Susan,Wild,115,house,Democrat,PA,15,0,0,-1.9,2018-11-27,1,,F,1957-06-07
W000816,Roger,Williams,115,house,Republican,TX,25,2,2,4.0,2013-01-03,1,,M,1949-09-13
W000795,Joe,Wilson,115,house,Republican,SC,2,8,8,15.0,2001-12-18,1,,M,1947-07-31
W000808,Frederica,Wilson,115,house,Democrat,FL,24,3,3,6.0,2011-01-05,1,,F,1942-11-05
W000804,Robert,Wittman,115,house,Republican,VA,1,5,5,9.1,2007-12-13,1,,M,1959-02-03
W000809,Steve,Womack,115,house,Republican,AR,3,3,3,6.0,2011-01-05,1,,M,1957-02-18
W000810,Rob,Woodall,115,house,Republican,GA,7,3,3,6.0,2011-01-05,1,,M,1970-02-11
Y000062,John,Yarmuth,115,house,Democrat,KY,3,5,5,10.0,2007-01-04,1,,M,1947-11-04
Y000063,Kevin,Yoder,115,house,Republican,KS,3,3,3,6.0,2011-01-05,1,,M,1976-01-08
Y000065,Ted,Yoho,115,house,Republican,FL,3,2,2,4.0,2013-01-03,1,,M,1955-04-13
Y000066,David,Young,115,house,Republican,IA,3,1,1,2.0,2015-01-06,1,,M,1968-05-11
Y000033,Don,Young,115,house,Republican,AK,0,22,22,43.8,1973-03-06,1,,M,1933-06-09
Z000017,Lee,Zeldin,115,house,Republican,NY,1,1,1,2.0,2015-01-06,1,,M,1980-01-30
Z000018,Ryan,Zinke,115,house,Republican,MT,0,1,1,2.0,2015-01-06,1,,M,1961-11-01
A000360,Lamar,Alexander,115,senate,Republican,TN,,3,3,14.0,2003-01-07,0,2,M,1940-07-03
B001230,Tammy,Baldwin,115,senate,Democrat,WI,,1,8,18.0,1999-01-06,1,1,F,1962-02-11
B001261,John,Barrasso,115,senate,Republican,WY,,2,2,9.5,2007-06-25,1,1,M,1952-07-21
B001267,Michael,Bennet,115,senate,Democrat,CO,,2,2,7.9,2009-01-22,0,3,M,1964-11-28
B001277,Richard,Blumenthal,115,senate,Democrat,CT,,1,1,6.0,2011-01-05,0,3,M,1946-02-13
B000575,Roy,Blunt,115,senate,Republican,MO,,1,8,20.0,1997-01-07,0,3,M,1950-01-10
B001288,Cory,Booker,115,senate,Democrat,NJ,,2,2,3.2,2013-10-31,0,2,M,1969-04-27
B001236,John,Boozman,115,senate,Republican,AR,,1,6,15.1,2001-11-29,0,3,M,1950-12-10
B000944,Sherrod,Brown,115,senate,Democrat,OH,,2,9,24.0,1993-01-05,1,1,M,1952-11-09
B001135,Richard,Burr,115,senate,Republican,NC,,2,7,22.0,1995-01-04,0,3,M,1955-11-30
C000127,Maria,Cantwell,115,senate,Democrat,WA,,3,4,24.0,1993-01-05,1,1,F,1958-10-13
C001047,Shelley,Capito,115,senate,Republican,WV,,1,8,16.0,2001-01-03,0,2,F,1953-11-26
C000141,Benjamin,Cardin,115,senate,Democrat,MD,,2,12,30.0,1987-01-06,1,1,M,1943-10-05
C000174,Thomas,Carper,115,senate,Democrat,DE,,3,8,34.0,1983-01-03,1,1,M,1947-01-23
C001070,Robert,Casey,115,senate,Democrat,PA,,2,2,10.0,2007-01-04,1,1,M,1960-04-13
C001075,Bill,Cassidy,115,senate,Republican,LA,,1,4,8.0,2009-01-06,0,2,M,1957-09-28
C000567,Thad,Cochran,115,senate,Republican,MS,,7,10,44.0,1973-01-03,0,2,M,1937-12-07
C001035,Susan,Collins,115,senate,Republican,ME,,4,4,20.0,1997-01-07,0,2,F,1952-12-07
C001088,Christopher,Coons,115,senate,Democrat,DE,,2,2,6.1,2010-11-15,0,2,M,1963-09-09
C001071,Bob,Corker,115,senate,Republican,TN,,2,2,10.0,2007-01-04,1,1,M,1952-08-24
C001056,John,Cornyn,115,senate,Republican,TX,,4,4,14.1,2002-11-30,0,2,M,1952-02-02
C001113,Catherine,Cortez Masto,115,senate,Democrat,NV,,0,0,0.0,2017-01-03,0,3,F,1964-03-29
C001095,Tom,Cotton,115,senate,Republican,AR,,1,2,4.0,2013-01-03,0,2,M,1977-05-13
C000880,Michael,Crapo,115,senate,Republican,ID,,3,6,24.0,1993-01-05,0,3,M,1951-05-20
C001098,Ted,Cruz,115,senate,Republican,TX,,1,1,4.0,2013-01-03,1,1,M,1970-12-22
D000618,Steve,Daines,115,senate,Republican,MT,,1,2,4.0,2013-01-03,0,2,M,1962-08-20
D000607,Joe,Donnelly,115,senate,Democrat,IN,,1,4,10.0,2007-01-04,1,1,M,1955-09-29
D000622,Tammy,Duckworth,115,senate,Democrat,IL,,0,2,4.0,2013-01-03,0,3,F,1968-03-12
D000563,Richard,Durbin,115,senate,Democrat,IL,,4,11,34.0,1983-01-03,0,2,M,1944-11-21
E000285,Michael,Enzi,115,senate,Republican,WY,,4,4,20.0,1997-01-07,0,2,M,1944-02-01
E000295,Joni,Ernst,115,senate,Republican,IA,,1,1,2.0,2015-01-06,0,2,F,1970-07-01
F000062,Dianne,Feinstein,115,senate,Democrat,CA,,5,5,24.1,1992-11-10,1,1,F,1933-06-22
F000463,Deb,Fischer,115,senate,Republican,NE,,1,1,4.0,2013-01-03,1,1,F,1951-03-01
F000444,Jeff,Flake,115,senate,Republican,AZ,,1,7,16.0,2001-01-03,1,1,M,1962-12-31
F000457,Alan,Franken,115,senate,Democrat,MN,,2,2,7.5,2009-07-07,0,2,M,1951-05-21
G000562,Cory,Gardner,115,senate,Republican,CO,,1,3,6.0,2011-01-05,0,2,M,1974-08-22
G000555,Kirsten,Gillibrand,115,senate,Democrat,NY,,2,4,10.0,2007-01-04,1,1,F,1966-12-09
G000359,Lindsey,Graham,115,senate,Republican,SC,,3,7,22.0,1995-01-04,0,2,M,1955-07-09
G000386,Charles,Grassley,115,senate,Republican,IA,,6,9,42.0,1975-01-14,0,3,M,1933-09-17
H001075,Kamala,Harris,115,senate,Democrat,CA,,0,0,0.0,2017-01-03,0,3,F,1964-10-20
H001076,Margaret,Hassan,115,senate,Democrat,NH,,0,0,0.0,2017-01-03,0,3,F,1958-02-27
H000338,Orrin,Hatch,115,senate,Republican,UT,,7,7,40.0,1977-01-04,1,1,M,1934-03-22
H001046,Martin,Heinrich,115,senate,Democrat,NM,,1,3,8.0,2009-01-06,1,1,M,1971-10-17
H001069,Heidi,Heitkamp,115,senate,Democrat,ND,,1,1,4.0,2013-01-03,1,1,F,1955-10-30
H001041,Dean,Heller,115,senate,Republican,NV,,2,5,10.0,2007-01-04,1,1,M,1960-05-10
H001042,Mazie,Hirono,115,senate,Democrat,HI,,1,4,10.0,2007-01-04,1,1,F,1947-11-03
H001061,John,Hoeven,115,senate,Republican,ND,,1,1,6.0,2011-01-05,0,3,M,1957-03-13
H001079,Cindy,Hyde-Smith,115,senate,Republican,MS,,0,0,-1.3,2018-04-09,0,2,F,1959-05-10
I000024,James,Inhofe,115,senate,Republican,OK,,5,9,30.0,1987-01-06,0,2,M,1934-11-17
I000055,John,Isakson,115,senate,Republican,GA,,2,5,18.0,1999-01-06,0,3,M,1944-12-28
J000293,Ron,Johnson,115,senate,Republican,WI,,1,1,6.0,2011-01-05,0,3,M,1955-04-08
J000300,Doug,Jones,115,senate,Democrat,AL,,0,0,-1.0,2018-01-03,0,2,M,1954-05-04
K000384,Timothy,Kaine,115,senate,Democrat,VA,,1,1,4.0,2013-01-03,1,1,M,1958-02-26
K000393,John,Kennedy,115,senate,Republican,LA,,0,0,0.0,2017-01-03,0,3,M,1951-11-21
K000383,Angus,King,115,senate,Independent,ME,,1,1,4.0,2013-01-03,1,1,M,1944-03-31
K000367,Amy,Klobuchar,115,senate,Democrat,MN,,2,2,10.0,2007-01-04,1,1,F,1960-05-25
K000352,Jon,Kyl,115,senate,Republican,AZ,,3,7,30.0,1987-01-06,1,3,M,1942-04-25
L000575,James,Lankford,115,senate,Republican,OK,,1,3,6.0,2011-01-05,0,3,M,1968-03-04
L000174,Patrick,Leahy,115,senate,Democrat,VT,,7,7,42.0,1975-01-14,0,3,M,1940-03-31
L000577,Mike,Lee,115,senate,Republican,UT,,1,1,6.0,2011-01-05,0,3,M,1971-06-04
M001183,Joe,Manchin,115,senate,Democrat,WV,,2,2,6.1,2010-11-15,1,1,M,1947-08-24
M000133,Edward,Markey,115,senate,Democrat,MA,,2,22,42.0,1975-01-14,0,2,M,1946-07-11
M000303,John,McCain,115,senate,Republican,AZ,,5,7,34.0,1983-01-03,1,3,M,1936-08-29
M001170,Claire,McCaskill,115,senate,Democrat,MO,,2,2,10.0,2007-01-04,1,1,F,1953-07-24
M000355,Mitch,McConnell,115,senate,Republican,KY,,6,6,32.0,1985-01-03,0,2,M,1942-02-20
M000639,Robert,Menendez,115,senate,Democrat,NJ,,3,10,24.0,1993-01-05,1,1,M,1954-01-01
M001176,Jeff,Merkley,115,senate,Democrat,OR,,2,2,8.0,2009-01-06,0,2,M,1956-10-24
M000934,Jerry,Moran,115,senate,Republican,KS,,1,8,20.0,1997-01-07,0,3,M,1954-05-29
M001153,Lisa,Murkowski,115,senate,Republican,AK,,3,3,14.0,2003-01-07,0,3,F,1957-05-22
M001169,Christopher,Murphy,115,senate,Democrat,CT,,1,4,10.0,2007-01-04,1,1,M,1973-08-03
M001111,Patty,Murray,115,senate,Democrat,WA,,4,4,24.0,1993-01-05,0,3,F,1950-10-11
N000032,Bill,Nelson,115,senate,Democrat,FL,,3,9,38.0,1979-01-15,1,1,M,1942-09-29
P000603,Rand,Paul,115,senate,Republican,KY,,1,1,6.0,2011-01-05,0,3,M,1963-01-07
P000612,David,Perdue,115,senate,Republican,GA,,1,1,2.0,2015-01-06,0,2,M,1949-12-10
P000595,Gary,Peters,115,senate,Democrat,MI,,1,4,8.0,2009-01-06,0,2,M,1958-12-01
P000449,Robert,Portman,115,senate,Republican,OH,,1,8,23.7,1993-05-04,0,3,M,1955-12-19
R000122,John,Reed,115,senate,Democrat,RI,,4,7,26.0,1991-01-03,0,2,M,1949-11-12
R000584,James,Risch,115,senate,Republican,ID,,2,2,8.0,2009-01-06,0,2,M,1943-05-03
R000307,Pat,Roberts,115,senate,Republican,KS,,4,12,36.0,1981-01-05,0,2,M,1936-04-20
R000605,Mike,Rounds,115,senate,Republican,SD,,1,1,2.0,2015-01-06,0,2,M,1954-10-24
R000595,Marco,Rubio,115,senate,Republican,FL,,1,1,6.0,2011-01-05,0,3,M,1971-05-28
S000033,Bernard,Sanders,115,senate,Independent,VT,,2,10,26.0,1991-01-03,1,1,M,1941-09-08
S001197,Benjamin,Sasse,115,senate,Republican,NE,,1,1,2.0,2015-01-06,0,2,M,1972-02-22
S001194,Brian,Schatz,115,senate,Democrat,HI,,2,2,4.0,2012-12-27,0,3,M,1972-10-20
S000148,Charles,Schumer,115,senate,Democrat,NY,,3,12,36.0,1981-01-05,0,3,M,1950-11-23
S001184,Tim,Scott,115,senate,Republican,SC,,2,3,6.0,2011-01-05,0,3,M,1965-09-19
S001141,Jefferson,Sessions,115,senate,Republican,AL,,4,4,20.0,1997-01-07,0,2,M,1946-12-24
S001181,Jeanne,Shaheen,115,senate,Democrat,NH,,2,2,8.0,2009-01-06,0,2,F,1947-01-28
S000320,Richard,Shelby,115,senate,Republican,AL,,5,9,38.0,1979-01-15,0,3,M,1934-05-06
S001203,Tina,Smith,115,senate,Democrat,MN,,0,0,-1.0,2018-01-03,0,2,F,1958-03-04
S000770,Debbie,Stabenow,115,senate,Democrat,MI,,3,5,20.0,1997-01-07,1,1,F,1950-04-29
S001202,Luther,Strange,115,senate,Republican,AL,,0,0,-0.1,2017-02-09,0,2,M,1953-03-01
S001198,Dan,Sullivan,115,senate,Republican,AK,,1,1,2.0,2015-01-06,0,2,M,1964-11-13
T000464,Jon,Tester,115,senate,Democrat,MT,,2,2,10.0,2007-01-04,1,1,M,1956-08-21
T000250,John,Thune,115,senate,Republican,SD,,2,5,20.0,1997-01-07,0,3,M,1961-01-07
T000476,Thom,Tillis,115,senate,Republican,NC,,1,1,2.0,2015-01-06,0,2,M,1960-08-30
T000461,Patrick,Toomey,115,senate,Republican,PA,,1,4,18.0,1999-01-06,0,3,M,1961-11-17
U000039,Tom,Udall,115,senate,Democrat,NM,,2,7,18.0,1999-01-06,0,2,M,1948-05-18
V000128,Chris,Van Hollen,115,senate,Democrat,MD,,0,7,14.0,2003-01-07,0,3,M,1959-01-10
W000805,Mark,Warner,115,senate,Democrat,VA,,2,2,8.0,2009-01-06,0,2,M,1954-12-15
W000817,Elizabeth,Warren,115,senate,Democrat,MA,,1,1,4.0,2013-01-03,1,1,F,1949-06-22
W000802,Sheldon,Whitehouse,115,senate,Democrat,RI,,2,2,10.0,2007-01-04,1,1,M,1955-10-20
W000437,Roger,Wicker,115,senate,Republican,MS,,2,9,22.0,1995-01-04,1,1,M,1951-07-05
W000779,Ron,Wyden,115,senate,Democrat,OR,,4,12,36.0,1981-01-05,0,3,M,1949-05-03
Y000064,Todd,Young,115,senate,Republican,IN,,0,3,6.0,2011-01-05,0,3,M,1972-08-24
