bioguide_id,bills_sponsored
A000374,34
A000370,176
A000055,103
A000371,91
A000372,70
A000367,74
A000369,106
A000373,11
B001291,102
B001269,75
B001282,217
B000213,224
B001270,167
B001281,179
B000287,130
B001271,52
B001287,113
B001292,251
B001257,291
B000490,142
B001293,30
B001250,216
B001273,114
B001243,776
B001294,26
B000574,500
B000589,158
B001278,279
B001245,135
B001295,137
B001255,136
B001296,128
B001227,120
B000755,213
B001290,50
B001283,24
B001284,49
B001274,67
B000911,115
B001285,306
B001260,212
B001297,123
B001275,97
B001248,440
B001286,91
B001251,134
B001289,89
C000059,280
C001036,241
C001037,171
C001083,72
C001072,170
C001051,141
C001103,208
C001090,368
C001066,208
C001091,186
C000266,289
C001076,153
C001080,247
C001084,265
C001101,88
C001067,198
C001102,21
C001049,180
C001061,225
C000537,121
C001077,100
C001068,487
C001053,227
C001092,58
C001093,125
C001108,48
C001105,34
C001062,137
C001078,355
C000714,800
C001094,61
C000754,144
C001059,185
C001106,20
C001069,183
C001096,239
C001087,139
C001045,39
C001038,249
C001063,121
C001048,94
C000984,225
C001107,49
C001097,190
D000626,151
D000096,404
D000598,235
D000619,139
D000191,599
D000197,246
D000216,633
D000621,52
D000623,216
D000617,148
D000620,59
D000612,83
D000604,111
D000616,52
D000610,173
D000600,108
D000624,252
D000399,261
D000613,64
D000625,36
D000482,104
D000622,538
D000614,123
D000533,271
D000615,127
E000290,58
E000288,255
E000291,59
E000294,128
E000179,528
E000215,260
E000293,85
E000296,61
F000460,58
F000030,147
F000043,134
F000458,49
F000451,122
F000459,49
F000456,70
F000461,99
F000445,119
F000449,173
F000454,271
F000450,257
F000462,97
F000448,116
F000372,169
F000455,116
G000571,120
G000574,210
G000559,237
G000548,237
G000563,62
G000564,64
G000552,194
G000289,234
G000565,369
G000566,18
G000575,12
G000377,101
G000546,269
G000560,23
G000577,105
G000556,290
G000553,357
G000410,315
G000568,213
G000551,404
G000576,174
G000570,36
G000558,136
G000535,188
H001063,61
H001050,43
H001051,46
H001070,16
H001045,70
H001052,48
H001053,98
H000324,530
H001055,61
H001064,62
H001036,124
H001056,63
H001071,63
H001038,132
H001072,143
H001047,110
H000636,108
H001065,45
H001034,213
H000874,375
H001067,143
H001057,52
H001068,237
H001058,168
H001059,67
H001048,129
H001073,43
H001060,25
I000057,336
I000056,389
J000032,1109
J000294,133
J000297,25
J000290,108
J000288,255
J000174,278
J000126,347
J000292,101
J000296,40
J000255,288
J000289,55
J000295,137
K000009,505
K000386,134
K000375,166
K000376,178
K000385,157
K000388,67
K000379,77
K000380,144
K000381,196
K000188,317
K000210,400
K000362,315
K000378,115
K000368,82
K000363,73
K000387,45
K000382,161
L000585,134
L000578,131
L000573,33
L000564,183
L000567,89
L000559,318
L000560,176
L000557,253
L000566,235
L000581,80
L000551,668
L000263,217
L000287,371
L000582,261
L000563,175
L000554,126
L000565,121
L000397,367
L000576,46
L000583,74
L000584,34
L000579,112
L000480,554
L000491,122
L000569,230
L000580,94
L000570,478
L000571,236
L000562,251
M001193,44
M000087,927
M001185,145
M001158,65
M001179,86
M001184,114
M001163,286
M001165,133
M001157,254
M001177,152
M001143,170
M000404,342
M000312,434
M001156,139
M001180,230
M001159,215
M001166,192
M001197,185
M001187,143
M001181,72
M001137,238
M001188,309
M001189,80
M000689,148
M001150,93
M001144,149
M001194,95
M001195,89
M001160,278
M001196,104
M001190,162
M001182,99
M001191,55
M001151,152
N000002,542
N000179,100
N000015,235
N000182,111
N000189,165
N000184,93
N000127,230
N000188,104
N000147,1115
N000185,61
N000181,125
N000186,9
O000168,99
O000170,75
P000601,54
P000034,577
P000609,109
P000096,357
P000594,176
P000604,123
P000588,186
P000197,199
P000593,138
P000605,311
P000608,234
P000258,210
P000596,63
P000597,178
P000606,33
P000373,178
P000610,134
P000607,168
P000592,344
P000611,43
P000598,250
P000602,65
P000599,232
P000591,145
P000523,201
Q000023,192
R000600,44
R000053,1048
R000601,51
R000585,178
R000578,170
R000586,61
R000587,44
R000597,80
R000602,99
R000588,93
R000589,36
R000591,30
R000582,144
R000395,145
R000575,109
R000409,327
R000592,50
R000583,78
R000435,373
R000580,120
R000593,79
R000598,47
R000603,98
R000486,164
R000487,292
R000599,272
R000576,94
R000515,328
R000604,46
R000570,114
R000577,217
S001177,160
S000018,146
S000030,139
S000051,98
S001168,105
S001176,110
S001145,452
S001150,458
S001179,84
S001180,133
S001183,181
S001189,80
S001157,115
S000185,331
S000244,525
S000248,267
S000250,452
S001185,119
S000344,227
S000364,117
S001154,108
S001148,159
S001191,181
S001165,110
S000480,442
S000510,232
S001172,134
S000522,935
S001195,123
S000583,303
S001175,284
S001196,191
S001192,95
S001187,120
S001188,38
S001193,107
S001156,245
T000473,13
T000472,222
T000193,255
T000460,360
T000467,167
T000238,198
T000462,109
T000470,133
T000468,233
T000469,215
T000474,186
T000475,21
T000465,64
T000463,189
U000031,228
V000129,81
V000128,566
V000130,86
V000131,123
V000132,55
V000081,498
V000108,150
W000812,129
W000798,217
W000791,154
W000819,50
W000813,89
W000820,17
W000799,85
W000797,172
W000187,617
W000822,192
W000814,103
W000806,58
W000800,657
W000815,110
W000821,90
W000796,38
W000413,133
W000816,138
W000795,335
W000808,170
W000804,209
W000809,61
W000810,103
Y000062,111
Y000063,26
Y000065,110
Y000064,413
Y000066,36
Y000033,1199
Z000017,94
Z000018,56
A000360,438
A000368,235
B001230,724
B001261,696
B001267,864
B001277,1059
B000575,431
B001288,962
B001236,398
B000711,1550
B000944,1462
B001135,659
C000127,971
C001047,387
C000141,1364
C000174,798
C001070,1263
C001075,683
C000542,427
C000567,810
C001035,1194
C001088,751
C001071,225
C001056,1585
C001095,549
C000880,618
C001098,1101
D000618,622
D000607,174
D000563,2110
E000285,659
E000295,642
F000062,2211
F000463,341
F000444,809
F000457,277
G000562,375
G000555,893
G000359,756
G000386,2453
H000338,5992
H001046,531
H001069,186
H001041,488
H001042,739
H001061,492
I000024,1297
I000055,415
J000293,595
K000384,553
K000383,457
K000360,371
K000367,1404
L000575,646
L000174,1768
L000577,2072
M001183,543
M000133,1624
M000303,2684
M001170,367
M000355,1294
M000639,1954
M001176,1201
M000702,612
M000934,764
M001153,1185
M001169,586
M001111,1166
N000032,911
P000603,1093
P000612,169
P000595,864
P000449,726
R000122,1254
R000146,1995
R000584,631
R000307,572
R000605,387
R000595,1476
S000033,1155
S001197,182
S001194,681
S000148,2434
S001184,446
S001141,742
S001181,1158
S000320,666
S000770,732
S001198,528
T000464,794
T000250,1033
T000476,671
T000461,541
U000039,619
V000127,1170
W000805,718
W000817,855
W000802,733
W000437,747
W000779,1877
A000375,187
B001298,191
B001306,60
B001299,243
B001300,127
B001301,104
B001302,929
B001303,183
B001304,154
B001305,251
C001112,141
C001109,83
C001115,69
C001110,117
C001111,69
C001114,190
D000627,39
D000628,88
E000297,229
E000298,64
F000464,29
F000465,40
F000466,239
G000578,96
G000579,171
G000580,21
G000584,37
G000585,85
G000581,49
G000582,165
G000583,189
H001078,5
H001082,69
H001077,154
H001074,27
J000298,182
J000299,74
J000303,2
K000389,178
K000390,12
K000391,160
K000392,105
L000588,58
L000586,60
L000589,107
L000587,16
M001198,503
M001199,148
M001200,70
M001201,27
M001206,131
M001202,67
N000190,174
O000171,125
P000613,221
R000606,124
R000607,46
R000608,447
R000609,47
S001205,104
S001190,213
S001170,104
S001199,106
S001200,151
S001201,77
T000477,20
T000478,220
W000826,76
C001113,636
H001075,164
H001076,363
H001079,154
J000300,82
K000393,649
K000352,774
S001203,330
S001202,20
