granuleId,packageId,date,members,gpoId,authorityId,role,chamber,congress,bioGuideId,memberName,state,party,name__authority-lnf,name__authority-other,name__parsed,name__authority-fnf
CREC-2016-07-07-pt1-PgH4471-2,CREC-2016-07-07,2016-07-07,,,,,,,,,,,,,,
CREC-2016-07-07-pt1-PgH-FrontMatter-3,CREC-2016-07-07,2016-07-07,,,,,,,,,,,,,,
CREC-2016-07-07-pt1-PgH4471,CREC-2016-07-07,2016-07-07,,,,,,,,,,,,,,
CREC-2016-07-07-pt1-PgH4472,CREC-2016-07-07,2016-07-07,,8026,612,SPEAKING,H,114,J000255,"Jones, Walter B., Jr.",NC,R,"Jones, Walter B., Jr.",Walter Jones Jr.,Mr. JONES,Walter B. Jones Jr.
CREC-2016-07-07-pt1-PgH4471-3,CREC-2016-07-07,2016-07-07,,,,,,,,,,,,,,
CREC-2016-07-07-pt1-PgH4472-2,CREC-2016-07-07,2016-07-07,,8027,930,SPEAKING,H,114,P000523,"Price, David E.",NC,D,"Price, David E.",David Price,Mr. PRICE of North Carolina,David E. Price
CREC-2016-07-07-pt1-PgH4473,CREC-2016-07-07,2016-07-07,,,2197,SPEAKING,H,114,B001289,"Byrne, Bradley",AL,R,"Byrne, Bradley",,Mr. BYRNE,Bradley Byrne
CREC-2016-07-07-pt1-PgH4471-4,CREC-2016-07-07,2016-07-07,,7925,1967,SPEAKING,H,114,Q000023,"Quigley, Mike",IL,D,"Quigley, Mike",,Mr. QUIGLEY,Mike Quigley
CREC-2016-07-07-pt1-PgH4473-2,CREC-2016-07-07,2016-07-07,,7924,478,SPEAKING,H,114,G000535,"Gutierrez, Luis V.",IL,D,"Gutierrez, Luis V.",Luis Gutierrez,Mr. GUTIERREZ,Luis V. Gutierrez
CREC-2016-07-07-pt1-PgH4474,CREC-2016-07-07,2016-07-07,,,2137,SPEAKING,H,114,W000812,"Wagner, Ann",MO,R,"Wagner, Ann",,Mrs. WAGNER,Ann Wagner
CREC-2016-07-07-pt1-PgH4475,CREC-2016-07-07,2016-07-07,,7817,1890,SPEAKING,H,114,S001175,"Speier, Jackie",CA,D,"Speier, Jackie",,Ms. SPEIER,Jackie Speier
CREC-2016-07-07-pt1-PgH4474-3,CREC-2016-07-07,2016-07-07,,7973,1564,SPEAKING,H,114,C001037,"Capuano, Michael E.",MA,D,"Capuano, Michael E.",Michael Capuano,Mr. CAPUANO,Michael E. Capuano
CREC-2016-07-07-pt1-PgH4474-2,CREC-2016-07-07,2016-07-07,,8211,766,SPEAKING,H,114,M000404,"McDermott, Jim",WA,D,"McDermott, Jim",,Mr. McDERMOTT,Jim McDermott
CREC-2016-07-07-pt1-PgH4476,CREC-2016-07-07,2016-07-07,,8003,1930,SPEAKING,H,114,P000594,"Paulsen, Erik",MN,R,"Paulsen, Erik",,Mr. PAULSEN,Erik Paulsen
CREC-2016-07-07-pt1-PgH4475-2,CREC-2016-07-07,2016-07-07,,8165,1803,SPEAKING,H,114,G000553,"Green, Al",TX,D,"Green, Al",,Mr. AL GREEN of Texas,Al Green
CREC-2016-07-07-pt1-PgH4476-2,CREC-2016-07-07,2016-07-07,,7901,1843,SPEAKING,H,114,J000288,"Johnson, Henry C. ""Hank,"" Jr.",GA,D,"Johnson, Henry C. ""Hank,"" Jr.","Mr. Henry C. ""Hank"" Johnson",Mr. JOHNSON of Georgia,"Henry C. ""Hank"" Johnson, Jr."
CREC-2016-07-07-pt1-PgH4477,CREC-2016-07-07,2016-07-07,,8073,1184,SPEAKING,H,114,V000081,"Velazquez, Nydia M.",NY,D,"Velazquez, Nydia M.",Nydia Velazquez,Ms. VELAZQUEZ,Nydia M. Velazquez
CREC-2016-07-07-pt1-PgH4477-2,CREC-2016-07-07,2016-07-07,,7840,1205,SPEAKING,H,114,W000187,"Waters, Maxine",CA,D,"Waters, Maxine",,Ms. MAXINE WATERS of California,Maxine Waters
CREC-2016-07-07-pt1-PgH4478,CREC-2016-07-07,2016-07-07,,,2246,SPEAKING,H,114,M001196,"Moulton, Seth",MA,D,"Moulton, Seth",,Mr. MOULTON,Seth Moulton
CREC-2016-07-07-pt1-PgH4478-2,CREC-2016-07-07,2016-07-07,,,,,,,,,,,,,,
CREC-2016-07-07-pt1-PgH4478-3,CREC-2016-07-07,2016-07-07,,,,,,,,,,,,,,
CREC-2016-07-07-pt1-PgH4478-5,CREC-2016-07-07,2016-07-07,,,,,,,,,,,,,,
CREC-2016-07-07-pt1-PgH4478-4,CREC-2016-07-07,2016-07-07,,,,,,,,,,,,,,
CREC-2016-07-07-pt1-PgH4478-6,CREC-2016-07-07,2016-07-07,,,,,,,,,,,,,,
CREC-2016-07-07-pt1-PgH4478-7,CREC-2016-07-07,2016-07-07,,,,,,,,,,,,,,
CREC-2016-07-07-pt1-PgH4478-9,CREC-2016-07-07,2016-07-07,,7890,985,SPEAKING,H,114,R000435,"Ros-Lehtinen, Ileana",FL,R,"Ros-Lehtinen, Ileana",,Ms. ROS-LEHTINEN,Ileana Ros-Lehtinen
CREC-2016-07-07-pt1-PgH4478-10,CREC-2016-07-07,2016-07-07,,,2119,SPEAKING,H,114,F000462,"Frankel, Lois",FL,D,"Frankel, Lois",,Ms. FRANKEL of Florida,Lois Frankel
CREC-2016-07-07-pt1-PgH4478-8,CREC-2016-07-07,2016-07-07,,,,,,,,,,,,,,
CREC-2016-07-07-pt1-PgH4479,CREC-2016-07-07,2016-07-07,,8159,603,SPEAKING,H,114,J000174,"Johnson, Sam",TX,R,"Johnson, Sam",,Mr. SAM JOHNSON of Texas,Sam Johnson
CREC-2016-07-07-pt1-PgH4479-3,CREC-2016-07-07,2016-07-07,,,2128,SPEAKING,H,114,W000813,"Walorski, Jackie",IN,R,"Walorski, Jackie",,Mrs. WALORSKI,Jackie Walorski
CREC-2016-07-07-pt1-PgH4479-2,CREC-2016-07-07,2016-07-07,,8068,1604,SPEAKING,H,114,C001038,"Crowley, Joseph",NY,D,"Crowley, Joseph",,Mr. CROWLEY,Joseph Crowley
CREC-2016-07-07-pt1-PgH4479-4,CREC-2016-07-07,2016-07-07,,8146,208,SPEAKING,H,114,C000537,"Clyburn, James E.",SC,D,"Clyburn, James E.",James Clyburn,Mr. CLYBURN,James E. Clyburn
CREC-2016-07-07-pt1-PgH4479-5,CREC-2016-07-07,2016-07-07,,,2165,SPEAKING,H,114,W000816,"Williams, Roger",TX,R,"Williams, Roger",,Mr. WILLIAMS,Roger Williams
CREC-2016-07-07-pt1-PgH4480,CREC-2016-07-07,2016-07-07,,8123,1952,SPEAKING,H,114,T000467,"Thompson, Glenn",PA,R,"Thompson, Glenn",,Mr. THOMPSON of Pennsylvania,Glenn Thompson
CREC-2016-07-07-pt1-PgH4479-6,CREC-2016-07-07,2016-07-07,,,2231,SPEAKING,H,114,T000474,"Torres, Norma J.",CA,D,"Torres, Norma J.",Mrs. Norma Torres,Mrs. TORRES,Norma J. Torres
CREC-2016-07-07-pt1-PgH4480-2,CREC-2016-07-07,2016-07-07,,7837,1970,SPEAKING,H,114,C001080,"Chu, Judy",CA,D,"Chu, Judy",,Ms. JUDY CHU of California,Judy Chu
CREC-2016-07-07-pt1-PgH4480-4,CREC-2016-07-07,2016-07-07,,,2145,SPEAKING,H,114,K000382,"Kuster, Ann M.",NH,D,"Kuster, Ann M.",Ms. Ann Kuster,Ms. KUSTER,Ann M. Kuster
CREC-2016-07-07-pt1-PgH4480-5,CREC-2016-07-07,2016-07-07,,8177,1075,SPEAKING,H,114,S000583,"Smith, Lamar",TX,R,"Smith, Lamar",,Mr. SMITH of Texas,Lamar Smith
CREC-2016-07-07-pt1-PgH4480-3,CREC-2016-07-07,2016-07-07,,7986,2027,SPEAKING,H,114,B001271,"Benishek, Dan",MI,R,"Benishek, Dan",,Mr. BENISHEK,Dan Benishek
CREC-2016-07-07-pt1-PgH4480-6,CREC-2016-07-07,2016-07-07,,,2111,SPEAKING,H,114,L000579,"Lowenthal, Alan S.",CA,D,"Lowenthal, Alan S.",Mr. Alan Lowenthal,Mr. LOWENTHAL,Alan S. Lowenthal
CREC-2016-07-07-pt1-PgH4480-7,CREC-2016-07-07,2016-07-07,,,2100,SPEAKING,H,114,L000578,"LaMalfa, Doug",CA,R,"LaMalfa, Doug",,Mr. LaMALFA,Doug LaMalfa
CREC-2016-07-07-pt1-PgH4481-2,CREC-2016-07-07,2016-07-07,,7951,2021,SPEAKING,H,114,Y000063,"Yoder, Kevin",KS,R,"Yoder, Kevin",,Mr. YODER,Kevin Yoder
CREC-2016-07-07-pt1-PgH4481,CREC-2016-07-07,2016-07-07,,7852,1522,SPEAKING,H,114,S000030,"Sanchez, Loretta",CA,D,"Sanchez, Loretta",,Ms. LORETTA SANCHEZ of California,Loretta Sanchez
CREC-2016-07-07-pt1-PgH4481-5,CREC-2016-07-07,2016-07-07,,8140,1668,SPEAKING,H,114,L000559,"Langevin, James R.",RI,D,"Langevin, James R.",James Langevin,Mr. LANGEVIN,James R. Langevin
CREC-2016-07-07-pt1-PgH4482,CREC-2016-07-07,2016-07-07,,8360,2089,SPEAKING,H,114,H001063,"Hahn, Janice",CA,D,"Hahn, Janice",,Ms. HAHN,Janice Hahn
CREC-2016-07-07-pt1-PgH4482-2,CREC-2016-07-07,2016-07-07,,7828,1471,SPEAKING,H,114,C001036,"Capps, Lois",CA,D,"Capps, Lois",,Mrs. CAPPS,Lois Capps
CREC-2016-07-07-pt1-PgH4481-4,CREC-2016-07-07,2016-07-07,,7930,2013,SPEAKING,H,114,D000613,"Dold, Robert J.",IL,R,"Dold, Robert J.",Mr. Robert Dold,Mr. DOLD,Robert J. Dold
CREC-2016-07-07-pt1-PgH4481-3,CREC-2016-07-07,2016-07-07,,7970,1884,SPEAKING,H,114,T000465,"Tsongas, Niki",MA,D,"Tsongas, Niki",,Ms. TSONGAS,Niki Tsongas
CREC-2016-07-07-pt1-PgH4482-3,CREC-2016-07-07,2016-07-07,,7984,1927,SPEAKING,H,114,P000597,"Pingree, Chellie",ME,D,"Pingree, Chellie",,Ms. PINGREE,Chellie Pingree
CREC-2016-07-07-pt1-PgH4482-5,CREC-2016-07-07,2016-07-07,,,2201,SPEAKING,H,114,A000370,"Adams, Alma S.",NC,D,"Adams, Alma S.",Ms. Alma Adams,Ms. ADAMS,Alma S. Adams
CREC-2016-07-07-pt1-PgH4482-7,CREC-2016-07-07,2016-07-07,,,2197,SPEAKING,H,114,B001289,"Byrne, Bradley",AL,R,"Byrne, Bradley",,Mr. BYRNE,Bradley Byrne
CREC-2016-07-07-pt1-PgH4482-7,CREC-2016-07-07,2016-07-07,,7860,1910,SPEAKING,H,114,P000598,"Polis, Jared",CO,D,"Polis, Jared",,Mr. POLIS,Jared Polis
CREC-2016-07-07-pt1-PgH4482-7,CREC-2016-07-07,2016-07-07,,7902,688,SPEAKING,H,114,L000287,"Lewis, John",GA,D,"Lewis, John",,Mr. LEWIS,John Lewis
CREC-2016-07-07-pt1-PgH4482-7,CREC-2016-07-07,2016-07-07,,7806,1593,SPEAKING,H,114,T000460,"Thompson, Mike",CA,D,"Thompson, Mike",,Mr. THOMPSON of California,Mike Thompson
CREC-2016-07-07-pt1-PgH4482-7,CREC-2016-07-07,2016-07-07,,,2190,SPEAKING,H,114,K000385,"Kelly, Robin L.",IL,D,"Kelly, Robin L.",Ms. Robin Kelly,Ms. KELLY of Illinois,Robin L. Kelly
CREC-2016-07-07-pt1-PgH4482-7,CREC-2016-07-07,2016-07-07,,8360,2089,SPEAKING,H,114,H001063,"Hahn, Janice",CA,D,"Hahn, Janice",,Ms. HAHN,Janice Hahn
CREC-2016-07-07-pt1-PgH4482-7,CREC-2016-07-07,2016-07-07,,,2114,SPEAKING,H,114,E000293,"Esty, Elizabeth H.",CT,D,"Esty, Elizabeth H.",Ms. Elizabeth Esty,Ms. ESTY,Elizabeth H. Esty
CREC-2016-07-07-pt1-PgH4482-7,CREC-2016-07-07,2016-07-07,,7837,1970,SPEAKING,H,114,C001080,"Chu, Judy",CA,D,"Chu, Judy",,Ms. JUDY CHU of California,Judy Chu
CREC-2016-07-07-pt1-PgH4482-7,CREC-2016-07-07,2016-07-07,,7814,1501,SPEAKING,H,114,L000551,"Lee, Barbara",CA,D,"Lee, Barbara",,Ms. LEE,Barbara Lee
CREC-2016-07-07-pt1-PgH4482-7,CREC-2016-07-07,2016-07-07,,8165,1803,SPEAKING,H,114,G000553,"Green, Al",TX,D,"Green, Al",,Mr. AL GREEN of Texas,Al Green
CREC-2016-07-07-pt1-PgH4482-7,CREC-2016-07-07,2016-07-07,,8067,1506,SPEAKING,H,114,M001137,"Meeks, Gregory W.",NY,D,"Meeks, Gregory W.",Gregory Meeks,Mr. MEEKS,Gregory W. Meeks
CREC-2016-07-07-pt1-PgH4482-7,CREC-2016-07-07,2016-07-07,,7929,1588,SPEAKING,H,114,S001145,"Schakowsky, Janice D.",IL,D,"Schakowsky, Janice D.",Janice Schakowsky,Ms. SCHAKOWSKY,Janice D. Schakowsky
CREC-2016-07-07-pt1-PgH4482-7,CREC-2016-07-07,2016-07-07,,7979,1894,SPEAKING,H,114,E000290,"Edwards, Donna F.",MD,D,"Edwards, Donna F.",Ms. Donna Edwards,Ms. EDWARDS,Donna F. Edwards
CREC-2016-07-07-pt1-PgH4482-7,CREC-2016-07-07,2016-07-07,,,2246,SPEAKING,H,114,M001196,"Moulton, Seth",MA,D,"Moulton, Seth",,Mr. MOULTON,Seth Moulton
CREC-2016-07-07-pt1-PgH4482-7,CREC-2016-07-07,2016-07-07,,8132,316,SPEAKING,H,114,D000482,"Doyle, Michael F.",PA,D,"Doyle, Michael F.",Mike Doyle,Mr. MICHAEL F. DOYLE of Pennsylvania,Michael F. Doyle
CREC-2016-07-07-pt1-PgH4482-7,CREC-2016-07-07,2016-07-07,,,2101,SPEAKING,H,114,H001068,"Huffman, Jared",CA,D,"Huffman, Jared",,Mr. HUFFMAN,Jared Huffman
CREC-2016-07-07-pt1-PgH4482-7,CREC-2016-07-07,2016-07-07,,7866,1583,SPEAKING,H,114,L000557,"Larson, John B.",CT,D,"Larson, John B.",John Larson,Mr. LARSON of Connecticut,John B. Larson
CREC-2016-07-07-pt1-PgH4482-7,CREC-2016-07-07,2016-07-07,,,2196,SPEAKING,H,114,C001101,"Clark, Katherine M.",MA,D,"Clark, Katherine M.",Ms. Katherine Clark,Ms. CLARK of Massachusetts,Katherine M. Clark
CREC-2016-07-07-pt1-PgH4482-7,CREC-2016-07-07,2016-07-07,,8139,2055,SPEAKING,H,114,C001084,"Cicilline, David N.",RI,D,"Cicilline, David N.",Mr. David Cicilline,Mr. CICILLINE,David N. Cicilline
CREC-2016-07-07-pt1-PgH4482-7,CREC-2016-07-07,2016-07-07,,,2110,SPEAKING,H,114,T000472,"Takano, Mark",CA,D,"Takano, Mark",,Mr. TAKANO,Mark Takano
CREC-2016-07-07-pt1-PgH4482-7,CREC-2016-07-07,2016-07-07,,,2202,SPEAKING,H,114,N000188,"Norcross, Donald",NJ,D,"Norcross, Donald",,Mr. NORCROSS,Donald Norcross
CREC-2016-07-07-pt1-PgH4482-7,CREC-2016-07-07,2016-07-07,,,2262,SPEAKING,H,114,R000602,"Rice, Kathleen M.",NY,D,"Rice, Kathleen M.",Miss Kathleen Rice,Miss RICE of New York,Kathleen M. Rice
CREC-2016-07-07-pt1-PgH4482-7,CREC-2016-07-07,2016-07-07,,,2229,SPEAKING,H,114,A000371,"Aguilar, Pete",CA,D,"Aguilar, Pete",,Mr. AGUILAR,Pete Aguilar
CREC-2016-07-07-pt1-PgH4482-7,CREC-2016-07-07,2016-07-07,,7865,1835,SPEAKING,H,114,P000593,"Perlmutter, Ed",CO,D,"Perlmutter, Ed",,Mr. PERLMUTTER,Ed Perlmutter
CREC-2016-07-07-pt1-PgH4482-7,CREC-2016-07-07,2016-07-07,,,2106,SPEAKING,H,114,B001285,"Brownley, Julia",CA,D,"Brownley, Julia",,Ms. BROWNLEY of California,Julia Brownley
CREC-2016-07-07-pt1-PgH4482-7,CREC-2016-07-07,2016-07-07,,7997,683,SPEAKING,H,114,L000263,"Levin, Sander M.",MI,D,"Levin, Sander M.",Sander Levin,Mr. LEVIN,Sander M. Levin
CREC-2016-07-07-pt1-PgH4482-7,CREC-2016-07-07,2016-07-07,,7980,566,SPEAKING,H,114,H000874,"Hoyer, Steny H.",MD,D,"Hoyer, Steny H.",Steny Hoyer,Mr. HOYER,Steny H. Hoyer
CREC-2016-07-07-pt1-PgH4482-7,CREC-2016-07-07,2016-07-07,,7868,281,SPEAKING,H,114,D000216,"DeLauro, Rosa L.",CT,D,"DeLauro, Rosa L.",Rosa Delauro,Ms. DeLAURO,Rosa L. DeLauro
CREC-2016-07-07-pt1-PgH4482-7,CREC-2016-07-07,2016-07-07,,,2104,SPEAKING,H,114,S001193,"Swalwell, Eric",CA,D,"Swalwell, Eric",,Mr. SWALWELL of California,Eric Swalwell
CREC-2016-07-07-pt1-PgH4482-7,CREC-2016-07-07,2016-07-07,,7813,905,SPEAKING,H,114,P000197,"Pelosi, Nancy",CA,D,"Pelosi, Nancy",,Ms. PELOSI,Nancy Pelosi
CREC-2016-07-07-pt1-PgH4482-7,CREC-2016-07-07,2016-07-07,,7968,1504,SPEAKING,H,114,M000312,"McGovern, James P.",MA,D,"McGovern, James P.",James Mcgovern,Mr. McGOVERN,James P. McGovern
CREC-2016-07-07-pt1-PgH4482-7,CREC-2016-07-07,2016-07-07,,8068,1604,SPEAKING,H,114,C001038,"Crowley, Joseph",NY,D,"Crowley, Joseph",,Mr. CROWLEY,Joseph Crowley
CREC-2016-07-07-pt1-PgH4482-7,CREC-2016-07-07,2016-07-07,,8146,208,SPEAKING,H,114,C000537,"Clyburn, James E.",SC,D,"Clyburn, James E.",James Clyburn,Mr. CLYBURN,James E. Clyburn
CREC-2016-07-07-pt1-PgH4482-7,CREC-2016-07-07,2016-07-07,,7927,1477,SPEAKING,H,114,D000096,"Davis, Danny K.",IL,D,"Davis, Danny K.",Danny Davis,Mr. DANNY K. DAVIS of Illinois,Danny K. Davis
CREC-2016-07-07-pt1-PgH4482-7,CREC-2016-07-07,2016-07-07,,7921,1003,SPEAKING,H,114,R000515,"Rush, Bobby L.",IL,D,"Rush, Bobby L.",Bobby Rush,Mr. RUSH,Bobby L. Rush
CREC-2016-07-07-pt1-PgH4482-7,CREC-2016-07-07,2016-07-07,,,2172,SPEAKING,H,114,K000379,"Kennedy, Joseph P., III",MA,D,"Kennedy, Joseph P., III",Joseph Kennedy III,Mr. KENNEDY,Joseph P. Kennedy III
CREC-2016-07-07-pt1-PgH4482-7,CREC-2016-07-07,2016-07-07,,7858,1641,SPEAKING,H,114,D000598,"Davis, Susan A.",CA,D,"Davis, Susan A.",Susan Davis,Mrs. DAVIS of California,Susan A. Davis
CREC-2016-07-07-pt1-PgH4482-7,CREC-2016-07-07,2016-07-07,,8140,1668,SPEAKING,H,114,L000559,"Langevin, James R.",RI,D,"Langevin, James R.",James Langevin,Mr. LANGEVIN,James R. Langevin
CREC-2016-07-07-pt1-PgH4482-7,CREC-2016-07-07,2016-07-07,,8116,99,SPEAKING,H,114,B000574,"Blumenauer, Earl",OR,D,"Blumenauer, Earl",,Mr. BLUMENAUER,Earl Blumenauer
CREC-2016-07-07-pt1-PgH4482-7,CREC-2016-07-07,2016-07-07,,,2252,SPEAKING,H,114,L000581,"Lawrence, Brenda L.",MI,D,"Lawrence, Brenda L.",Mrs. Brenda Lawrence,Mrs. LAWRENCE,Brenda L. Lawrence
CREC-2016-07-07-pt1-PgH4482-7,CREC-2016-07-07,2016-07-07,,8077,1042,SPEAKING,H,114,S000248,"Serrano, Jose E.",NY,D,"Serrano, Jose E.",Jose Serrano,Mr. SERRANO,Jose E. Serrano
CREC-2016-07-07-pt1-PgH4482-7,CREC-2016-07-07,2016-07-07,,7836,70,SPEAKING,H,114,B000287,"Becerra, Xavier",CA,D,"Becerra, Xavier",,Mr. BECERRA,Xavier Becerra
CREC-2016-07-07-pt1-PgH4482-7,CREC-2016-07-07,2016-07-07,,7828,1471,SPEAKING,H,114,C001036,"Capps, Lois",CA,D,"Capps, Lois",,Mrs. CAPPS,Lois Capps
CREC-2016-07-07-pt1-PgH4482-7,CREC-2016-07-07,2016-07-07,,7832,1526,SPEAKING,H,114,S000344,"Sherman, Brad",CA,D,"Sherman, Brad",,Mr. SHERMAN,Brad Sherman
CREC-2016-07-07-pt1-PgH4482-7,CREC-2016-07-07,2016-07-07,,8072,1864,SPEAKING,H,114,C001067,"Clarke, Yvette D.",NY,D,"Clarke, Yvette D.",Ms. Yvette Clarke,Ms. CLARKE of New York,Yvette D. Clarke
CREC-2016-07-07-pt1-PgH4482-7,CREC-2016-07-07,2016-07-07,,,2267,SPEAKING,H,114,B001296,"Boyle, Brendan F.",PA,D,"Boyle, Brendan F.",Mr. Brendan Boyle,Mr. BRENDAN F. BOYLE of Pennsylvania,Brendan F. Boyle
CREC-2016-07-07-pt1-PgH4482-7,CREC-2016-07-07,2016-07-07,,7852,1522,SPEAKING,H,114,S000030,"Sanchez, Loretta",CA,D,"Sanchez, Loretta",,Ms. LORETTA SANCHEZ of California,Loretta Sanchez
CREC-2016-07-07-pt1-PgH4482-7,CREC-2016-07-07,2016-07-07,,7983,1729,SPEAKING,H,114,V000128,"Van Hollen, Chris",MD,D,"Van Hollen, Chris",,Mr. VAN HOLLEN,Chris Van Hollen
CREC-2016-07-07-pt1-PgH4482-7,CREC-2016-07-07,2016-07-07,,7493,1940,SPEAKING,H,114,T000468,"Titus, Dina",NV,D,"Titus, Dina",,Ms. TITUS,Dina Titus
CREC-2016-07-07-pt1-PgH4482-7,CREC-2016-07-07,2016-07-07,,8009,1654,SPEAKING,H,114,C001049,"Clay, Wm. Lacy",MO,D,"Clay, Wm. Lacy",William Lacy Clay,Mr. CLAY,Wm. Lacy Clay
CREC-2016-07-07-pt1-PgH4482-7,CREC-2016-07-07,2016-07-07,,7839,997,SPEAKING,H,114,R000486,"Roybal-Allard, Lucille",CA,D,"Roybal-Allard, Lucille",,Ms. ROYBAL-ALLARD,Lucille Roybal-Allard
CREC-2016-07-07-pt1-PgH4482-7,CREC-2016-07-07,2016-07-07,,7810,1814,SPEAKING,H,114,M001163,"Matsui, Doris O.",CA,D,"Matsui, Doris O.",Ms. Doris Matsui,Ms. MATSUI,Doris O. Matsui
CREC-2016-07-07-pt1-PgH4482-7,CREC-2016-07-07,2016-07-07,,,2259,SPEAKING,H,114,W000822,"Watson Coleman, Bonnie",NJ,D,"Watson Coleman, Bonnie",,Mrs. WATSON COLEMAN,Bonnie Watson Coleman
CREC-2016-07-07-pt1-PgH4482-7,CREC-2016-07-07,2016-07-07,,8217,1811,SPEAKING,H,114,M001160,"Moore, Gwen",WI,D,"Moore, Gwen",,Ms. MOORE,Gwen Moore
CREC-2016-07-07-pt1-PgH4482-7,CREC-2016-07-07,2016-07-07,,8089,1069,SPEAKING,H,114,S000480,"Slaughter, Louise McIntosh",NY,D,"Slaughter, Louise McIntosh",Louise Slaughter,Ms. SLAUGHTER,Louise McIntosh Slaughter
CREC-2016-07-07-pt1-PgH4482-7,CREC-2016-07-07,2016-07-07,,8186,599,SPEAKING,H,114,J000126,"Johnson, Eddie Bernice",TX,D,"Johnson, Eddie Bernice",Eddie Johnson,Ms. EDDIE BERNICE JOHNSON of Texas,Eddie Bernice Johnson
CREC-2016-07-07-pt1-PgH4482-7,CREC-2016-07-07,2016-07-07,,7967,854,SPEAKING,H,114,N000015,"Neal, Richard E.",MA,D,"Neal, Richard E.",Richard Neal,Mr. NEAL,Richard E. Neal
CREC-2016-07-07-pt1-PgH4482-7,CREC-2016-07-07,2016-07-07,,8027,930,SPEAKING,H,114,P000523,"Price, David E.",NC,D,"Price, David E.",David Price,Mr. PRICE of North Carolina,David E. Price
CREC-2016-07-07-pt1-PgH4482-7,CREC-2016-07-07,2016-07-07,,8119,1469,SPEAKING,H,114,B001227,"Brady, Robert A.",PA,D,"Brady, Robert A.",Robert Brady,Mr. BRADY of Pennsylvania,Robert A. Brady
CREC-2016-07-07-pt1-PgH4482-7,CREC-2016-07-07,2016-07-07,,,2111,SPEAKING,H,114,L000579,"Lowenthal, Alan S.",CA,D,"Lowenthal, Alan S.",Mr. Alan Lowenthal,Mr. LOWENTHAL,Alan S. Lowenthal
CREC-2016-07-07-pt1-PgH4482-7,CREC-2016-07-07,2016-07-07,,7973,1564,SPEAKING,H,114,C001037,"Capuano, Michael E.",MA,D,"Capuano, Michael E.",Michael Capuano,Mr. CAPUANO,Michael E. Capuano
CREC-2016-07-07-pt1-PgH4482-7,CREC-2016-07-07,2016-07-07,,8024,1761,SPEAKING,H,114,B001251,"Butterfield, G. K.",NC,D,"Butterfield, G. K.",,Mr. BUTTERFIELD,G. K. Butterfield
CREC-2016-07-07-pt1-PgH4482-7,CREC-2016-07-07,2016-07-07,,8048,887,SPEAKING,H,114,P000034,"Pallone, Frank, Jr.",NJ,D,"Pallone, Frank, Jr.",Frank Pallone,Mr. PALLONE,"Frank Pallone, Jr."
CREC-2016-07-07-pt1-PgH4482-7,CREC-2016-07-07,2016-07-07,,7975,2025,SPEAKING,H,114,K000375,"Keating, William R.",MA,D,"Keating, William R.",Mr. William Keating,Mr. KEATING,William R. Keating
CREC-2016-07-07-pt1-PgH4482-7,CREC-2016-07-07,2016-07-07,,7840,1205,SPEAKING,H,114,W000187,"Waters, Maxine",CA,D,"Waters, Maxine",,Ms. MAXINE WATERS of California,Maxine Waters
CREC-2016-07-07-pt1-PgH4482-7,CREC-2016-07-07,2016-07-07,,8099,616,SPEAKING,H,114,K000009,"Kaptur, Marcy",OH,D,"Kaptur, Marcy",,Ms. KAPTUR,Marcy Kaptur
CREC-2016-07-07-pt1-PgH4482-7,CREC-2016-07-07,2016-07-07,,,2134,SPEAKING,H,114,K000380,"Kildee, Daniel T.",MI,D,"Kildee, Daniel T.",Mr. Daniel Kildee,Mr. KILDEE,Daniel T. Kildee
CREC-2016-07-07-pt1-PgH4482-7,CREC-2016-07-07,2016-07-07,,7871,868,SPEAKING,H,114,N000147,"Norton, Eleanor Holmes",DC,D,"Norton, Eleanor Holmes",Eleanor Norton,Ms. NORTON,Eleanor Holmes Norton
CREC-2016-07-07-pt1-PgH4482-7,CREC-2016-07-07,2016-07-07,,8174,588,SPEAKING,H,114,J000032,"Jackson Lee, Sheila",TX,D,"Jackson Lee, Sheila",,Ms. JACKSON LEE,Sheila Jackson Lee
CREC-2016-07-07-pt1-PgH4482-7,CREC-2016-07-07,2016-07-07,,,2150,SPEAKING,H,114,M001185,"Maloney, Sean Patrick",NY,D,"Maloney, Sean Patrick",Mr. Sean Maloney,Mr. SEAN PATRICK MALONEY of New York,Sean Patrick Maloney
CREC-2016-07-07-pt1-PgH4482-7,CREC-2016-07-07,2016-07-07,,7889,2004,SPEAKING,H,114,W000808,"Wilson, Frederica S.",FL,D,"Wilson, Frederica S.",Frederica Wilson,Ms. WILSON of Florida,Frederica S. Wilson
CREC-2016-07-07-pt1-PgH4482-7,CREC-2016-07-07,2016-07-07,,7883,1839,SPEAKING,H,114,C001066,"Castor, Kathy",FL,D,"Castor, Kathy",,Ms. CASTOR of Florida,Kathy Castor
CREC-2016-07-07-pt1-PgH4482-7,CREC-2016-07-07,2016-07-07,,,2231,SPEAKING,H,114,T000474,"Torres, Norma J.",CA,D,"Torres, Norma J.",Mrs. Norma Torres,Mrs. TORRES,Norma J. Torres
CREC-2016-07-07-pt1-PgH4482-7,CREC-2016-07-07,2016-07-07,,8078,344,SPEAKING,H,114,E000179,"Engel, Eliot L.",NY,D,"Engel, Eliot L.",Eliot Engel,Mr. ENGEL,Eliot L. Engel
CREC-2016-07-07-pt1-PgH4482-7,CREC-2016-07-07,2016-07-07,,8374,2096,SPEAKING,H,114,D000617,"DelBene, Suzan K.",WA,D,"DelBene, Suzan K.",Ms. Suzan Delbene,Ms. DelBENE,Suzan K. DelBene
CREC-2016-07-07-pt1-PgH4482-7,CREC-2016-07-07,2016-07-07,,8211,766,SPEAKING,H,114,M000404,"McDermott, Jim",WA,D,"McDermott, Jim",,Mr. McDERMOTT,Jim McDermott
CREC-2016-07-07-pt1-PgH4482-7,CREC-2016-07-07,2016-07-07,,7891,1976,SPEAKING,H,114,D000610,"Deutch, Theodore E.",FL,D,"Deutch, Theodore E.",Mr. Theodore Deutch,Mr. DEUTCH,Theodore E. Deutch
CREC-2016-07-07-pt1-PgH4482-7,CREC-2016-07-07,2016-07-07,,7970,1884,SPEAKING,H,114,T000465,"Tsongas, Niki",MA,D,"Tsongas, Niki",,Ms. TSONGAS,Niki Tsongas
CREC-2016-07-07-pt1-PgH4482-7,CREC-2016-07-07,2016-07-07,,7911,1723,SPEAKING,H,114,B001245,"Bordallo, Madeleine Z.",GU,D,"Bordallo, Madeleine Z.",Ms. Madeleine Bordallo,Ms. BORDALLO,Madeleine Z. Bordallo
CREC-2016-07-07-pt1-PgH4482-4,CREC-2016-07-07,2016-07-07,,8075,729,SPEAKING,H,114,M000087,"Maloney, Carolyn B.",NY,D,"Maloney, Carolyn B.",Carolyn Maloney,Mrs. CAROLYN B. MALONEY of New York,Carolyn B. Maloney
CREC-2016-07-07-pt1-PgH4522,CREC-2016-07-07,2016-07-07,,,,,,,,,,,,,,
CREC-2016-07-07-pt1-PgH4482-6,CREC-2016-07-07,2016-07-07,,,,,,,,,,,,,,
CREC-2016-07-07-pt1-PgH4522-2,CREC-2016-07-07,2016-07-07,,7860,1910,SPEAKING,H,114,P000598,"Polis, Jared",CO,D,"Polis, Jared",,Mr. POLIS,Jared Polis
CREC-2016-07-07-pt1-PgH4497,CREC-2016-07-07,2016-07-07,,7876,1643,SPEAKING,H,114,C001045,"Crenshaw, Ander",FL,R,"Crenshaw, Ander",,Mr. CRENSHAW,Ander Crenshaw
CREC-2016-07-07-pt1-PgH4497,CREC-2016-07-07,2016-07-07,,8220,2072,SPEAKING,H,114,D000614,"Duffy, Sean P.",WI,R,"Duffy, Sean P.",Mr. Sean Duffy,Mr. DUFFY,Sean P. Duffy
CREC-2016-07-07-pt1-PgH4497,CREC-2016-07-07,2016-07-07,,8077,1042,SPEAKING,H,114,S000248,"Serrano, Jose E.",NY,D,"Serrano, Jose E.",Jose Serrano,Mr. SERRANO,Jose E. Serrano
CREC-2016-07-07-pt1-PgH4497,CREC-2016-07-07,2016-07-07,,7992,1855,SPEAKING,H,114,W000798,"Walberg, Tim",MI,R,"Walberg, Tim",,Mr. WALBERG,Tim Walberg
CREC-2016-07-07-pt1-PgH4497,CREC-2016-07-07,2016-07-07,,7817,1890,SPEAKING,H,114,S001175,"Speier, Jackie",CA,D,"Speier, Jackie",,Ms. SPEIER,Jackie Speier
CREC-2016-07-07-pt1-PgH4497,CREC-2016-07-07,2016-07-07,,,2273,SPEAKING,H,114,C001105,"Comstock, Barbara",VA,R,"Comstock, Barbara",,Mrs. COMSTOCK,Barbara Comstock
CREC-2016-07-07-pt1-PgH4497,CREC-2016-07-07,2016-07-07,,7974,1686,SPEAKING,H,114,L000562,"Lynch, Stephen F.",MA,D,"Lynch, Stephen F.",Mr. Stephen Lynch,Mr. LYNCH,Stephen F. Lynch
CREC-2016-07-07-pt1-PgH4497,CREC-2016-07-07,2016-07-07,,8047,1737,SPEAKING,H,114,G000548,"Garrett, Scott",NJ,R,"Garrett, Scott",,Mr. GARRETT,Scott Garrett
CREC-2016-07-07-pt1-PgH4497,CREC-2016-07-07,2016-07-07,,7798,1992,SPEAKING,H,114,G000565,"Gosar, Paul A.",AZ,R,"Gosar, Paul A.",Mr. Paul Gosar,Mr. GOSAR,Paul A. Gosar
CREC-2016-07-07-pt1-PgH4497,CREC-2016-07-07,2016-07-07,,8153,2063,SPEAKING,H,114,B001273,"Black, Diane",TN,R,"Black, Diane",,Mrs. BLACK,Diane Black
CREC-2016-07-07-pt1-PgH4497,CREC-2016-07-07,2016-07-07,,8041,2038,SPEAKING,H,114,G000570,"Guinta, Frank C.",NH,R,"Guinta, Frank C.",Mr. Frank Guinta,Mr. GUINTA,Frank C. Guinta
CREC-2016-07-07-pt1-PgH4497,CREC-2016-07-07,2016-07-07,,7840,1205,SPEAKING,H,114,W000187,"Waters, Maxine",CA,D,"Waters, Maxine",,Ms. MAXINE WATERS of California,Maxine Waters
CREC-2016-07-07-pt1-PgH4497,CREC-2016-07-07,2016-07-07,,,2140,SPEAKING,H,114,H001067,"Hudson, Richard",NC,R,"Hudson, Richard",,Mr. HUDSON,Richard Hudson
CREC-2016-07-07-pt1-PgH4497,CREC-2016-07-07,2016-07-07,,7987,2028,SPEAKING,H,114,H001058,"Huizenga, Bill",MI,R,"Huizenga, Bill",,Mr. HUIZENGA of Michigan,Bill Huizenga
CREC-2016-07-07-pt1-PgH4497,CREC-2016-07-07,2016-07-07,,8211,766,SPEAKING,H,114,M000404,"McDermott, Jim",WA,D,"McDermott, Jim",,Mr. McDERMOTT,Jim McDermott
CREC-2016-07-07-pt1-PgH4497,CREC-2016-07-07,2016-07-07,,8049,1936,SPEAKING,H,114,L000567,"Lance, Leonard",NJ,R,"Lance, Leonard",,Mr. LANCE,Leonard Lance
CREC-2016-07-07-pt1-PgH4497,CREC-2016-07-07,2016-07-07,,7918,1724,SPEAKING,H,114,K000362,"King, Steve",IA,R,"King, Steve",,Mr. KING of Iowa,Steve King
CREC-2016-07-07-pt1-PgH4497,CREC-2016-07-07,2016-07-07,,8017,1931,SPEAKING,H,114,L000569,"Luetkemeyer, Blaine",MO,R,"Luetkemeyer, Blaine",,Mr. LUETKEMEYER,Blaine Luetkemeyer
CREC-2016-07-07-pt1-PgH4497,CREC-2016-07-07,2016-07-07,,8723,1744,SPEAKING,H,114,M001151,"Murphy, Tim",PA,R,"Murphy, Tim",,Mr. MURPHY of Pennsylvania,Tim Murphy
CREC-2016-07-07-pt1-PgH4497,CREC-2016-07-07,2016-07-07,,7957,977,SPEAKING,H,114,R000395,"Rogers, Harold",KY,R,"Rogers, Harold",,Mr. ROGERS of Kentucky,Harold Rogers
CREC-2016-07-07-pt1-PgH4536-2,CREC-2016-07-07,2016-07-07,,,,,,,,,,,,,,
CREC-2016-07-07-pt1-PgH4536,CREC-2016-07-07,2016-07-07,,,,,,,,,,,,,,
CREC-2016-07-07-pt1-PgH4545,CREC-2016-07-07,2016-07-07,,8174,588,SPEAKING,H,114,J000032,"Jackson Lee, Sheila",TX,D,"Jackson Lee, Sheila",,Ms. JACKSON LEE,Sheila Jackson Lee
CREC-2016-07-07-pt1-PgH4523,CREC-2016-07-07,2016-07-07,,,2130,SPEAKING,H,114,M001189,"Messer, Luke",IN,R,"Messer, Luke",,Mr. MESSER,Luke Messer
CREC-2016-07-07-pt1-PgH4523,CREC-2016-07-07,2016-07-07,,8077,1042,SPEAKING,H,114,S000248,"Serrano, Jose E.",NY,D,"Serrano, Jose E.",Jose Serrano,Mr. SERRANO,Jose E. Serrano
CREC-2016-07-07-pt1-PgH4523,CREC-2016-07-07,2016-07-07,,7876,1643,SPEAKING,H,114,C001045,"Crenshaw, Ander",FL,R,"Crenshaw, Ander",,Mr. CRENSHAW,Ander Crenshaw
CREC-2016-07-07-pt1-PgH4523,CREC-2016-07-07,2016-07-07,,,2221,SPEAKING,H,114,P000609,"Palmer, Gary J.",AL,R,"Palmer, Gary J.",Mr. Gary Palmer,Mr. PALMER,Gary J. Palmer
CREC-2016-07-07-pt1-PgH4523,CREC-2016-07-07,2016-07-07,,7871,868,SPEAKING,H,114,N000147,"Norton, Eleanor Holmes",DC,D,"Norton, Eleanor Holmes",Eleanor Norton,Ms. NORTON,Eleanor Holmes Norton
CREC-2016-07-07-pt1-PgH4523,CREC-2016-07-07,2016-07-07,,,2156,SPEAKING,H,114,M001190,"Mullin, Markwayne",OK,R,"Mullin, Markwayne",,Mr. MULLIN,Markwayne Mullin
CREC-2016-07-07-pt1-PgH4523,CREC-2016-07-07,2016-07-07,,7887,1915,SPEAKING,H,114,P000599,"Posey, Bill",FL,R,"Posey, Bill",,Mr. POSEY,Bill Posey
CREC-2016-07-07-pt1-PgH4523,CREC-2016-07-07,2016-07-07,,7926,1848,SPEAKING,H,114,R000580,"Roskam, Peter J.",IL,R,"Roskam, Peter J.",Mr. Peter Roskam,Mr. ROSKAM,Peter J. Roskam
CREC-2016-07-07-pt1-PgH4523,CREC-2016-07-07,2016-07-07,,7832,1526,SPEAKING,H,114,S000344,"Sherman, Brad",CA,D,"Sherman, Brad",,Mr. SHERMAN,Brad Sherman
CREC-2016-07-07-pt1-PgH4523,CREC-2016-07-07,2016-07-07,,,1012,SPEAKING,H,114,S000051,"Sanford, Mark",SC,R,"Sanford, Mark",,Mr. SANFORD,Mark Sanford
CREC-2016-07-07-pt1-PgH4523,CREC-2016-07-07,2016-07-07,,7872,1999,SPEAKING,H,114,C001083,"Carney, John C., Jr.",DE,D,"Carney, John C., Jr.",John Carney Jr.,Mr. CARNEY,"John C. Carney, Jr."
CREC-2016-07-07-pt1-PgH4523,CREC-2016-07-07,2016-07-07,,8091,186,SPEAKING,H,114,C000266,"Chabot, Steve",OH,R,"Chabot, Steve",,Mr. CHABOT,Steve Chabot
CREC-2016-07-07-pt1-PgH4523,CREC-2016-07-07,2016-07-07,,8073,1184,SPEAKING,H,114,V000081,"Velazquez, Nydia M.",NY,D,"Velazquez, Nydia M.",Nydia Velazquez,Ms. VELAZQUEZ,Nydia M. Velazquez
CREC-2016-07-07-pt1-PgH4523,CREC-2016-07-07,2016-07-07,,,2261,SPEAKING,H,114,Z000017,"Zeldin, Lee M.",NY,R,"Zeldin, Lee M.",Mr. Lee Zeldin,Mr. ZELDIN,Lee M. Zeldin
CREC-2016-07-07-pt1-PgH4523,CREC-2016-07-07,2016-07-07,,7955,1853,SPEAKING,H,114,Y000062,"Yarmuth, John A.",KY,D,"Yarmuth, John A.",Mr. John Yarmuth,Mr. YARMUTH,John A. Yarmuth
CREC-2016-07-07-pt1-PgH4523,CREC-2016-07-07,2016-07-07,,,2278,SPEAKING,H,114,J000297,"Jenkins, Evan H.",WV,R,"Jenkins, Evan H.",Mr. Evan Jenkins,Mr. JENKINS of West Virginia,Evan H. Jenkins
CREC-2016-07-07-pt1-PgH4523,CREC-2016-07-07,2016-07-07,,,2226,SPEAKING,H,114,G000574,"Gallego, Ruben",AZ,D,"Gallego, Ruben",,Mr. GALLEGO,Ruben Gallego
CREC-2016-07-07-pt1-PgH4523,CREC-2016-07-07,2016-07-07,,8012,2032,SPEAKING,H,114,H001053,"Hartzler, Vicky",MO,R,"Hartzler, Vicky",,Mrs. HARTZLER,Vicky Hartzler
CREC-2016-07-07-pt1-PgH4545-2,CREC-2016-07-07,2016-07-07,,8373,2097,SPEAKING,H,114,P000604,"Payne, Donald M., Jr.",NJ,D,"Payne, Donald M., Jr.",Mr. Donald Payne Jr.,Mr. PAYNE,"Donald M. Payne, Jr."
CREC-2016-07-07-pt1-PgH4545-3,CREC-2016-07-07,2016-07-07,,8156,1878,SPEAKING,H,114,C001068,"Cohen, Steve",TN,D,"Cohen, Steve",,Mr. COHEN,Steve Cohen
CREC-2016-07-07-pt1-PgH4545-4,CREC-2016-07-07,2016-07-07,,,,,,,,,,,,,,
CREC-2016-07-07-pt1-PgH4545-5,CREC-2016-07-07,2016-07-07,,,,,,,,,,,,,,
CREC-2016-07-07-pt1-PgH4545-6,CREC-2016-07-07,2016-07-07,,,,,,,,,,,,,,
CREC-2016-07-07-pt1-PgH4536-3,CREC-2016-07-07,2016-07-07,,,2115,SPEAKING,H,114,Y000065,"Yoho, Ted S.",FL,R,"Yoho, Ted S.",Mr. Ted Yoho,Mr. YOHO,Ted S. Yoho
CREC-2016-07-07-pt1-PgH4536-3,CREC-2016-07-07,2016-07-07,,,2113,SPEAKING,H,114,P000608,"Peters, Scott H.",CA,D,"Peters, Scott H.",Mr. Scott Peters,Mr. PETERS,Scott H. Peters
CREC-2016-07-07-pt1-PgH4536-3,CREC-2016-07-07,2016-07-07,,7876,1643,SPEAKING,H,114,C001045,"Crenshaw, Ander",FL,R,"Crenshaw, Ander",,Mr. CRENSHAW,Ander Crenshaw
CREC-2016-07-07-pt1-PgH4536-3,CREC-2016-07-07,2016-07-07,,7827,1833,SPEAKING,H,114,M001165,"McCarthy, Kevin",CA,R,"McCarthy, Kevin",,Mr. McCARTHY,Kevin McCarthy
CREC-2016-07-07-pt1-PgH4545-7,CREC-2016-07-07,2016-07-07,,7926,1848,SPEAKING,H,114,R000580,"Roskam, Peter J.",IL,R,"Roskam, Peter J.",Mr. Peter Roskam,Mr. ROSKAM,Peter J. Roskam
CREC-2016-07-07-pt1-PgH4548,CREC-2016-07-07,2016-07-07,,,,,,,,,,,,,,
CREC-2016-07-07-pt1-PgH4546,CREC-2016-07-07,2016-07-07,,,,,,,,,,,,,,
CREC-2016-07-07-pt1-PgH4545-8,CREC-2016-07-07,2016-07-07,,,,,,,,,,,,,,
CREC-2016-07-07-pt1-PgH4548-3,CREC-2016-07-07,2016-07-07,,,,,,,,,,,,,,
CREC-2016-07-07-pt1-PgH4548-4,CREC-2016-07-07,2016-07-07,,,,,,,,,,,,,,
CREC-2016-07-07-pt1-PgH4548-2,CREC-2016-07-07,2016-07-07,,,,,,,,,,,,,,
CREC-2016-07-07-pt1-PgH4548-5,CREC-2016-07-07,2016-07-07,,,,,,,,,,,,,,
CREC-2016-07-07-pt1-PgH4549,CREC-2016-07-07,2016-07-07,,,,,,,,,,,,,,
CREC-2016-07-07-pt1-PgH4549-2,CREC-2016-07-07,2016-07-07,,,,,,,,,,,,,,
CREC-2016-07-07-pt1-PgH4549-4,CREC-2016-07-07,2016-07-07,,,,,,,,,,,,,,
CREC-2016-07-07-pt1-PgH4549-3,CREC-2016-07-07,2016-07-07,,,,,,,,,,,,,,
CREC-2016-07-07-pt1-PgH4549-5,CREC-2016-07-07,2016-07-07,,,,,,,,,,,,,,
CREC-2016-07-07-pt1-PgH4549-7,CREC-2016-07-07,2016-07-07,,,,,,,,,,,,,,
CREC-2016-07-07-pt1-PgH4549-6,CREC-2016-07-07,2016-07-07,,,,,,,,,,,,,,
CREC-2016-07-07-pt1-PgH4549-9,CREC-2016-07-07,2016-07-07,,,,,,,,,,,,,,
CREC-2016-07-07-pt1-PgH4549-10,CREC-2016-07-07,2016-07-07,,,,,,,,,,,,,,
CREC-2016-07-07-pt1-PgH4549-11,CREC-2016-07-07,2016-07-07,,,,,,,,,,,,,,
CREC-2016-07-07-pt1-PgH4549-8,CREC-2016-07-07,2016-07-07,,,,,,,,,,,,,,
CREC-2016-07-07-pt1-PgH4549-12,CREC-2016-07-07,2016-07-07,,,,,,,,,,,,,,
CREC-2016-07-07-pt1-PgH4549-13,CREC-2016-07-07,2016-07-07,,,,,,,,,,,,,,
CREC-2016-07-07-pt1-PgH4549-15,CREC-2016-07-07,2016-07-07,,,,,,,,,,,,,,
CREC-2016-07-07-pt1-PgH4549-14,CREC-2016-07-07,2016-07-07,,,,,,,,,,,,,,
CREC-2016-07-07-pt1-PgH4549-18,CREC-2016-07-07,2016-07-07,,,,,,,,,,,,,,
CREC-2016-07-07-pt1-PgH4549-17,CREC-2016-07-07,2016-07-07,,,,,,,,,,,,,,
CREC-2016-07-07-pt1-PgH4549-16,CREC-2016-07-07,2016-07-07,,,,,,,,,,,,,,
CREC-2016-07-07-pt1-PgH4549-19,CREC-2016-07-07,2016-07-07,,,,,,,,,,,,,,
CREC-2016-07-07-pt1-PgH4549-21,CREC-2016-07-07,2016-07-07,,,,,,,,,,,,,,
CREC-2016-07-07-pt1-PgH4549-20,CREC-2016-07-07,2016-07-07,,,,,,,,,,,,,,
CREC-2016-07-07-pt1-PgH4549-24,CREC-2016-07-07,2016-07-07,,,,,,,,,,,,,,
CREC-2016-07-07-pt1-PgH4549-25,CREC-2016-07-07,2016-07-07,,,,,,,,,,,,,,
CREC-2016-07-07-pt1-PgH4549-26,CREC-2016-07-07,2016-07-07,,,,,,,,,,,,,,
CREC-2016-07-07-pt1-PgH4549-27,CREC-2016-07-07,2016-07-07,,,,,,,,,,,,,,
CREC-2016-07-07-pt1-PgH4549-22,CREC-2016-07-07,2016-07-07,,,,,,,,,,,,,,
CREC-2016-07-07-pt1-PgH4549-28,CREC-2016-07-07,2016-07-07,,,,,,,,,,,,,,
CREC-2016-07-07-pt1-PgH4549-23,CREC-2016-07-07,2016-07-07,,,,,,,,,,,,,,
CREC-2016-07-07-pt1-PgH4549-29,CREC-2016-07-07,2016-07-07,,,,,,,,,,,,,,
CREC-2016-07-07-pt1-PgS-FrontMatter-2,CREC-2016-07-07,2016-07-07,,,,,,,,,,,,,,
CREC-2016-07-07-pt1-PgH4549-30,CREC-2016-07-07,2016-07-07,,,,,,,,,,,,,,
CREC-2016-07-07-pt1-PgS4839,CREC-2016-07-07,2016-07-07,,,,,,,,,,,,,,
CREC-2016-07-07-pt1-PgS4839-3,CREC-2016-07-07,2016-07-07,,,,,,,,,,,,,,
CREC-2016-07-07-pt1-PgS4839-2,CREC-2016-07-07,2016-07-07,,,,,,,,,,,,,,
CREC-2016-07-07-pt1-PgS4839-4,CREC-2016-07-07,2016-07-07,,,,,,,,,,,,,,
CREC-2016-07-07-pt1-PgS4839-5,CREC-2016-07-07,2016-07-07,,8254,1395,SPEAKING,S,114,M000355,"McConnell, Mitch",KY,R,"McConnell, Mitch",,Mr. McCONNELL,Mitch McConnell
CREC-2016-07-07-pt1-PgS4839-6,CREC-2016-07-07,2016-07-07,,8254,1395,SPEAKING,S,114,M000355,"McConnell, Mitch",KY,R,"McConnell, Mitch",,Mr. McCONNELL,Mitch McConnell
CREC-2016-07-07-pt1-PgS4840,CREC-2016-07-07,2016-07-07,,8254,1395,SPEAKING,S,114,M000355,"McConnell, Mitch",KY,R,"McConnell, Mitch",,Mr. McCONNELL,Mitch McConnell
CREC-2016-07-07-pt1-PgS4840-2,CREC-2016-07-07,2016-07-07,,8254,1395,SPEAKING,S,114,M000355,"McConnell, Mitch",KY,R,"McConnell, Mitch",,Mr. McCONNELL,Mitch McConnell
CREC-2016-07-07-pt1-PgS4840-4,CREC-2016-07-07,2016-07-07,,8271,952,SPEAKING,S,114,R000146,"Reid, Harry",NV,D,"Reid, Harry",Harry M. Reid,Mr. REID,Harry Reid
CREC-2016-07-07-pt1-PgS4841,CREC-2016-07-07,2016-07-07,,,,,,,,,,,,,,
CREC-2016-07-07-pt1-PgH4550,CREC-2016-07-07,2016-07-07,,,,,,,,,,,,,,
CREC-2016-07-07-pt1-PgS4910,CREC-2016-07-07,2016-07-07,,8295,1692,SPEAKING,S,114,C001056,"Cornyn, John",TX,R,"Cornyn, John",,Mr. CORNYN,John Cornyn
CREC-2016-07-07-pt1-PgS4910,CREC-2016-07-07,2016-07-07,,8326,326,SPEAKING,S,114,D000563,"Durbin, Richard J.",IL,D,"Durbin, Richard J.",Mr. Richard Durbin,Mr. DURBIN,Richard J. Durbin
CREC-2016-07-07-pt1-PgS4910,CREC-2016-07-07,2016-07-07,,8254,1395,SPEAKING,S,114,M000355,"McConnell, Mitch",KY,R,"McConnell, Mitch",,Mr. McCONNELL,Mitch McConnell
CREC-2016-07-07-pt1-PgS4910-2,CREC-2016-07-07,2016-07-07,,8254,1395,SPEAKING,S,114,M000355,"McConnell, Mitch",KY,R,"McConnell, Mitch",,Mr. McCONNELL,Mitch McConnell
CREC-2016-07-07-pt1-PgS4911,CREC-2016-07-07,2016-07-07,,8254,1395,SPEAKING,S,114,M000355,"McConnell, Mitch",KY,R,"McConnell, Mitch",,Mr. McCONNELL,Mitch McConnell
CREC-2016-07-07-pt1-PgS4911-2,CREC-2016-07-07,2016-07-07,,8244,1383,SPEAKING,S,114,L000174,"Leahy, Patrick J.",VT,D,"Leahy, Patrick J.",Mr. Patrick Leahy,Mr. LEAHY,Patrick J. Leahy
CREC-2016-07-07-pt1-PgS4841-2,CREC-2016-07-07,2016-07-07,,8316,457,SPEAKING,S,114,G000386,"Grassley, Chuck",IA,R,"Grassley, Chuck",Mr. Charles Grassley,Mr. GRASSLEY,Chuck Grassley
CREC-2016-07-07-pt1-PgS4841-2,CREC-2016-07-07,2016-07-07,,8326,326,SPEAKING,S,114,D000563,"Durbin, Richard J.",IL,D,"Durbin, Richard J.",Mr. Richard Durbin,Mr. DURBIN,Richard J. Durbin
CREC-2016-07-07-pt1-PgS4841-2,CREC-2016-07-07,2016-07-07,,8244,1383,SPEAKING,S,114,L000174,"Leahy, Patrick J.",VT,D,"Leahy, Patrick J.",Mr. Patrick Leahy,Mr. LEAHY,Patrick J. Leahy
CREC-2016-07-07-pt1-PgS4841-2,CREC-2016-07-07,2016-07-07,,8287,174,SPEAKING,S,114,C000141,"Cardin, Benjamin L.",MD,D,"Cardin, Benjamin L.",Mr. Ben Cardin,Mr. CARDIN,Benjamin L. Cardin
CREC-2016-07-07-pt1-PgS4841-2,CREC-2016-07-07,2016-07-07,,,2098,SPEAKING,S,114,C001095,"Cotton, Tom",AR,R,"Cotton, Tom",,Mr. COTTON,Tom Cotton
CREC-2016-07-07-pt1-PgS4841-2,CREC-2016-07-07,2016-07-07,,,2174,SPEAKING,S,114,H001069,"Heitkamp, Heidi",ND,D,"Heitkamp, Heidi",,Ms. HEITKAMP,Heidi Heitkamp
CREC-2016-07-07-pt1-PgS4841-2,CREC-2016-07-07,2016-07-07,,8257,1534,SPEAKING,S,114,T000250,"Thune, John",SD,R,"Thune, John",Mr. John R. Thune,Mr. THUNE,John Thune
CREC-2016-07-07-pt1-PgS4841-2,CREC-2016-07-07,2016-07-07,,8300,1881,SPEAKING,S,114,B001261,"Barrasso, John",WY,R,"Barrasso, John",,Mr. BARRASSO,John Barrasso
CREC-2016-07-07-pt1-PgS4841-2,CREC-2016-07-07,2016-07-07,,8266,924,SPEAKING,S,114,P000449,"Portman, Rob",OH,R,"Portman, Rob",,Mr. PORTMAN,Rob Portman
CREC-2016-07-07-pt1-PgS4841-2,CREC-2016-07-07,2016-07-07,,8332,2076,SPEAKING,S,114,B001277,"Blumenthal, Richard",CT,D,"Blumenthal, Richard",,Mr. BLUMENTHAL,Richard Blumenthal
CREC-2016-07-07-pt1-PgS4841-2,CREC-2016-07-07,2016-07-07,,8256,1983,SPEAKING,S,114,M001183,"Manchin, Joe, III",WV,D,"Manchin, Joe, III",Mr. Joseph Manchin III,Mr. MANCHIN,Joe Manchin III
CREC-2016-07-07-pt1-PgS4841-2,CREC-2016-07-07,2016-07-07,,8234,1694,SPEAKING,S,114,M001153,"Murkowski, Lisa",AK,R,"Murkowski, Lisa",,Ms. MURKOWSKI,Lisa Murkowski
CREC-2016-07-07-pt1-PgS4841-2,CREC-2016-07-07,2016-07-07,,7941,1850,SPEAKING,S,114,D000607,"Donnelly, Joe",IN,D,"Donnelly, Joe",,Mr. DONNELLY,Joe Donnelly
CREC-2016-07-07-pt1-PgS4841-2,CREC-2016-07-07,2016-07-07,,7862,1998,SPEAKING,S,114,G000562,"Gardner, Cory",CO,R,"Gardner, Cory",,Mr. GARDNER,Cory Gardner
CREC-2016-07-07-pt1-PgS4841-2,CREC-2016-07-07,2016-07-07,,7972,735,SPEAKING,S,114,M000133,"Markey, Edward J.",MA,D,"Markey, Edward J.",Mr. Edward Markey,Mr. MARKEY,Edward J. Markey
CREC-2016-07-07-pt1-PgS4841-2,CREC-2016-07-07,2016-07-07,,8295,1692,SPEAKING,S,114,C001056,"Cornyn, John",TX,R,"Cornyn, John",,Mr. CORNYN,John Cornyn
CREC-2016-07-07-pt1-PgS4841-2,CREC-2016-07-07,2016-07-07,,,2182,SPEAKING,S,114,W000817,"Warren, Elizabeth",MA,D,"Warren, Elizabeth",Ms. Elizabeth A. Warren,Ms. WARREN,Elizabeth Warren
CREC-2016-07-07-pt1-PgS4841-2,CREC-2016-07-07,2016-07-07,,,2291,SPEAKING,S,114,T000476,"Tillis, Thomas",NC,R,"Tillis, Thomas",Mr. Thomas Roland Tillis,Mr. TILLIS,Thom Tillis
CREC-2016-07-07-pt1-PgS4841-2,CREC-2016-07-07,2016-07-07,,7870,1837,SPEAKING,S,114,M001169,"Murphy, Christopher",CT,D,"Murphy, Christopher",Mr. Christopher S. Murphy,Mr. MURPHY,Christopher Murphy
CREC-2016-07-07-pt1-PgS4841-2,CREC-2016-07-07,2016-07-07,,8314,1351,SPEAKING,S,114,H000338,"Hatch, Orrin G.",UT,R,"Hatch, Orrin G.",Orrin Grant Hatch,Mr. HATCH,Orrin G. Hatch
CREC-2016-07-07-pt1-PgS4841-2,CREC-2016-07-07,2016-07-07,,8247,1687,SPEAKING,S,114,B001236,"Boozman, John",AR,R,"Boozman, John",,Mr. BOOZMAN,John Boozman
CREC-2016-07-07-pt1-PgS4841-2,CREC-2016-07-07,2016-07-07,,8299,209,SPEAKING,S,114,C000542,"Coats, Daniel",IN,R,"Coats, Daniel",Daniel Ray Coats,Mr. COATS,Daniel Coats
CREC-2016-07-07-pt1-PgS4841-2,CREC-2016-07-07,2016-07-07,,8242,2084,SPEAKING,S,114,R000595,"Rubio, Marco",FL,R,"Rubio, Marco",,Mr. RUBIO,Marco Rubio
CREC-2016-07-07-pt1-PgS4841-2,CREC-2016-07-07,2016-07-07,,8270,1010,SPEAKING,S,114,S000033,"Sanders, Bernard",VT,I,"Sanders, Bernard",,Mr. SANDERS,Bernard Sanders
CREC-2016-07-07-pt1-PgS4841-2,CREC-2016-07-07,2016-07-07,,8275,968,SPEAKING,S,114,R000307,"Roberts, Pat",KS,R,"Roberts, Pat",,Mr. ROBERTS,Pat Roberts
CREC-2016-07-07-pt1-PgS4841-2,CREC-2016-07-07,2016-07-07,,8283,179,SPEAKING,S,114,C000174,"Carper, Thomas R.",DE,D,"Carper, Thomas R.",Mr. Thomas Carper,Mr. CARPER,Thomas R. Carper
CREC-2016-07-07-pt1-PgS4841-2,CREC-2016-07-07,2016-07-07,,8238,1900,SPEAKING,S,114,M001176,"Merkley, Jeff",OR,D,"Merkley, Jeff",,Mr. MERKLEY,Jeff Merkley
CREC-2016-07-07-pt1-PgS4841-2,CREC-2016-07-07,2016-07-07,,8113,2050,SPEAKING,S,114,L000575,"Lankford, James",OK,R,"Lankford, James",,Mr. LANKFORD,James Lankford
CREC-2016-07-07-pt1-PgS4841-2,CREC-2016-07-07,2016-07-07,,8304,1695,SPEAKING,S,114,A000360,"Alexander, Lamar",TN,R,"Alexander, Lamar",,Mr. ALEXANDER,Lamar Alexander
CREC-2016-07-07-pt1-PgS4841-2,CREC-2016-07-07,2016-07-07,,8223,1676,SPEAKING,S,114,C001047,"Capito, Shelley Moore",WV,R,"Capito, Shelley Moore",Mrs. Shelley Capito,Mrs. CAPITO,Shelley Moore Capito
CREC-2016-07-07-pt1-PgS4841-2,CREC-2016-07-07,2016-07-07,,,2138,SPEAKING,S,114,D000618,"Daines, Steve",MT,R,"Daines, Steve",,Mr. DAINES,Steve Daines
CREC-2016-07-07-pt1-PgS4841-2,CREC-2016-07-07,2016-07-07,,8328,1542,SPEAKING,S,114,E000285,"Enzi, Michael B.",WY,R,"Enzi, Michael B.",Michael Enzi,Mr. ENZI,Michael B. Enzi
CREC-2016-07-07-pt1-PgS4841-2,CREC-2016-07-07,2016-07-07,,8254,1395,SPEAKING,S,114,M000355,"McConnell, Mitch",KY,R,"McConnell, Mitch",,Mr. McCONNELL,Mitch McConnell
CREC-2016-07-07-pt1-PgS4841-2,CREC-2016-07-07,2016-07-07,,8331,2079,SPEAKING,S,114,H001061,"Hoeven, John",ND,R,"Hoeven, John",,Mr. HOEVEN,John Hoeven
CREC-2016-07-07-pt1-PgS4841-2,CREC-2016-07-07,2016-07-07,,8240,802,SPEAKING,S,114,M000702,"Mikulski, Barbara A.",MD,D,"Mikulski, Barbara A.",Barbara Ann Mikulski,Ms. MIKULSKI,Barbara A. Mikulski
CREC-2016-07-07-pt1-PgS4841-2,CREC-2016-07-07,2016-07-07,,,1594,SPEAKING,S,114,T000461,"Toomey, Patrick",PA,R,"Toomey, Patrick",Mr. Patrick Toomey,Mr. TOOMEY,Patrick J. Toomey
CREC-2016-07-07-pt1-PgS4841-2,CREC-2016-07-07,2016-07-07,,8271,952,SPEAKING,S,114,R000146,"Reid, Harry",NV,D,"Reid, Harry",Harry M. Reid,Mr. REID,Harry Reid
CREC-2016-07-07-pt1-PgS4841-2,CREC-2016-07-07,2016-07-07,,,2176,SPEAKING,S,114,K000384,"Kaine, Tim",VA,D,"Kaine, Tim",Mr. Timothy Kaine,Mr. KAINE,Tim Kaine
CREC-2016-07-07-pt1-PgS4841-2,CREC-2016-07-07,2016-07-07,,8236,859,SPEAKING,S,114,N000032,"Nelson, Bill",FL,D,"Nelson, Bill",Clarence William Nelson,Mr. NELSON,Bill Nelson
CREC-2016-07-07-pt1-PgS4841-2,CREC-2016-07-07,2016-07-07,,8261,1531,SPEAKING,S,114,S000770,"Stabenow, Debbie",MI,D,"Stabenow, Debbie",,Ms. STABENOW,Debbie Stabenow
CREC-2016-07-07-pt1-PgS4841-2,CREC-2016-07-07,2016-07-07,,8279,1036,SPEAKING,S,114,S000148,"Schumer, Charles E.",NY,D,"Schumer, Charles E.",Mr. Charles Schumer,Mr. SCHUMER,Charles E. Schumer
CREC-2016-07-07-pt1-PgS4911-3,CREC-2016-07-07,2016-07-07,,,2288,SPEAKING,S,114,R000605,"Rounds, Mike",SD,R,"Rounds, Mike",,Mr. ROUNDS,Mike Rounds
CREC-2016-07-07-pt1-PgS4912-2,CREC-2016-07-07,2016-07-07,,8300,1881,SPEAKING,S,114,B001261,"Barrasso, John",WY,R,"Barrasso, John",,Mr. BARRASSO,John Barrasso
CREC-2016-07-07-pt1-PgS4913,CREC-2016-07-07,2016-07-07,,,,,,,,,,,,,,
CREC-2016-07-07-pt1-PgS4912,CREC-2016-07-07,2016-07-07,,,2291,SPEAKING,S,114,T000476,"Tillis, Thomas",NC,R,"Tillis, Thomas",Mr. Thomas Roland Tillis,Mr. TILLIS,Thom Tillis
CREC-2016-07-07-pt1-PgS4913-2,CREC-2016-07-07,2016-07-07,,,,,,,,,,,,,,
CREC-2016-07-07-pt1-PgS4913-3,CREC-2016-07-07,2016-07-07,,,,,,,,,,,,,,
CREC-2016-07-07-pt1-PgS4913-4,CREC-2016-07-07,2016-07-07,,,,,,,,,,,,,,
CREC-2016-07-07-pt1-PgS4913-6,CREC-2016-07-07,2016-07-07,,,,,,,,,,,,,,
CREC-2016-07-07-pt1-PgS4913-5,CREC-2016-07-07,2016-07-07,,,,,,,,,,,,,,
CREC-2016-07-07-pt1-PgS4914,CREC-2016-07-07,2016-07-07,,,,,,,,,,,,,,
CREC-2016-07-07-pt1-PgS4914-2,CREC-2016-07-07,2016-07-07,,,,,,,,,,,,,,
CREC-2016-07-07-pt1-PgS4840-3,CREC-2016-07-07,2016-07-07,,8271,952,SPEAKING,S,114,R000146,"Reid, Harry",NV,D,"Reid, Harry",Harry M. Reid,Mr. REID,Harry Reid
CREC-2016-07-07-pt1-PgS4915-2,CREC-2016-07-07,2016-07-07,,,,,,,,,,,,,,
CREC-2016-07-07-pt1-PgS4913-7,CREC-2016-07-07,2016-07-07,,,,,,,,,,,,,,
CREC-2016-07-07-pt1-PgS4915-3,CREC-2016-07-07,2016-07-07,,,,,,,,,,,,,,
CREC-2016-07-07-pt1-PgS4917,CREC-2016-07-07,2016-07-07,,,2194,SPEAKING,S,114,B001288,"Booker, Cory A.",NJ,D,"Booker, Cory A.",Mr. Cory Booker,Mr. BOOKER,Cory A. Booker
CREC-2016-07-07-pt1-PgS4915,CREC-2016-07-07,2016-07-07,,,,,,,,,,,,,,
CREC-2016-07-07-pt1-PgS4918,CREC-2016-07-07,2016-07-07,,,,,,,,,,,,,,
CREC-2016-07-07-pt1-PgS4919,CREC-2016-07-07,2016-07-07,,,,,,,,,,,,,,
CREC-2016-07-07-pt1-PgS4918-2,CREC-2016-07-07,2016-07-07,,,,,,,,,,,,,,
CREC-2016-07-07-pt1-PgS4917-2,CREC-2016-07-07,2016-07-07,,,2194,SPEAKING,S,114,B001288,"Booker, Cory A.",NJ,D,"Booker, Cory A.",Mr. Cory Booker,Mr. BOOKER,Cory A. Booker
CREC-2016-07-07-pt1-PgS4919-3,CREC-2016-07-07,2016-07-07,,8257,1534,SPEAKING,S,114,T000250,"Thune, John",SD,R,"Thune, John",Mr. John R. Thune,Mr. THUNE,John Thune
CREC-2016-07-07-pt1-PgS4920,CREC-2016-07-07,2016-07-07,,7870,1837,SPEAKING,S,114,M001169,"Murphy, Christopher",CT,D,"Murphy, Christopher",Mr. Christopher S. Murphy,Mr. MURPHY,Christopher Murphy
CREC-2016-07-07-pt1-PgS4920,CREC-2016-07-07,2016-07-07,,8247,1687,SPEAKING,S,114,B001236,"Boozman, John",AR,R,"Boozman, John",,Mr. BOOZMAN,John Boozman
CREC-2016-07-07-pt1-PgS4920-2,CREC-2016-07-07,2016-07-07,,,,,,,,,,,,,,
CREC-2016-07-07-pt1-PgS4920-3,CREC-2016-07-07,2016-07-07,,8254,1395,SPEAKING,S,114,M000355,"McConnell, Mitch",KY,R,"McConnell, Mitch",,Mr. McCONNELL,Mitch McConnell
CREC-2016-07-07-pt1-PgS4919-2,CREC-2016-07-07,2016-07-07,,,,,,,,,,,,,,
CREC-2016-07-07-pt1-PgS4922,CREC-2016-07-07,2016-07-07,,8254,1395,SPEAKING,S,114,M000355,"McConnell, Mitch",KY,R,"McConnell, Mitch",,Mr. McCONNELL,Mitch McConnell
CREC-2016-07-07-pt1-PgS4922-3,CREC-2016-07-07,2016-07-07,,8254,1395,SPEAKING,S,114,M000355,"McConnell, Mitch",KY,R,"McConnell, Mitch",,Mr. McCONNELL,Mitch McConnell
CREC-2016-07-07-pt1-PgS4922-4,CREC-2016-07-07,2016-07-07,,8254,1395,SPEAKING,S,114,M000355,"McConnell, Mitch",KY,R,"McConnell, Mitch",,Mr. McCONNELL,Mitch McConnell
CREC-2016-07-07-pt1-PgS4922-2,CREC-2016-07-07,2016-07-07,,8254,1395,SPEAKING,S,114,M000355,"McConnell, Mitch",KY,R,"McConnell, Mitch",,Mr. McCONNELL,Mitch McConnell
CREC-2016-07-07-pt1-PgS4920-4,CREC-2016-07-07,2016-07-07,,8254,1395,SPEAKING,S,114,M000355,"McConnell, Mitch",KY,R,"McConnell, Mitch",,Mr. McCONNELL,Mitch McConnell
CREC-2016-07-07-pt1-PgS4922-5,CREC-2016-07-07,2016-07-07,,8254,1395,SPEAKING,S,114,M000355,"McConnell, Mitch",KY,R,"McConnell, Mitch",,Mr. McCONNELL,Mitch McConnell
CREC-2016-07-07-pt1-PgS4923,CREC-2016-07-07,2016-07-07,,8254,1395,SPEAKING,S,114,M000355,"McConnell, Mitch",KY,R,"McConnell, Mitch",,Mr. McCONNELL,Mitch McConnell
CREC-2016-07-07-pt1-PgS4923-2,CREC-2016-07-07,2016-07-07,,8254,1395,SPEAKING,S,114,M000355,"McConnell, Mitch",KY,R,"McConnell, Mitch",,Mr. McCONNELL,Mitch McConnell
CREC-2016-07-07-pt1-PgS4923-3,CREC-2016-07-07,2016-07-07,,8254,1395,SPEAKING,S,114,M000355,"McConnell, Mitch",KY,R,"McConnell, Mitch",,Mr. McCONNELL,Mitch McConnell
CREC-2016-07-07-pt1-PgS4923-4,CREC-2016-07-07,2016-07-07,,,,,,,,,,,,,,
CREC-2016-07-07-pt1-PgE1053-2,CREC-2016-07-07,2016-07-07,,,2199,SPEAKING,H,114,J000296,"Jolly, David W.",FL,R,"Jolly, David W.",Mr. David Jolly,Mr. JOLLY,David W. Jolly
CREC-2016-07-07-pt1-PgE1053-3,CREC-2016-07-07,2016-07-07,,8102,1664,SPEAKING,H,114,T000462,"Tiberi, Patrick J.",OH,R,"Tiberi, Patrick J.",Patrick Tiberi,Mr. TIBERI,Patrick J. Tiberi
CREC-2016-07-07-pt1-PgE1053-4,CREC-2016-07-07,2016-07-07,,7895,511,SPEAKING,H,114,H000324,"Hastings, Alcee L.",FL,D,"Hastings, Alcee L.",Alcee Hastings,Mr. HASTINGS,Alcee L. Hastings
CREC-2016-07-07-pt1-PgE1053-5,CREC-2016-07-07,2016-07-07,,,2157,SPEAKING,H,114,P000605,"Perry, Scott",PA,R,"Perry, Scott",,Mr. PERRY,Scott Perry
CREC-2016-07-07-pt1-PgE1053-6,CREC-2016-07-07,2016-07-05,,,2152,SPEAKING,H,114,W000815,"Wenstrup, Brad R.",OH,R,"Wenstrup, Brad R.",Mr. Brad Wenstrup,Mr. WENSTRUP,Brad R. Wenstrup
CREC-2016-07-07-pt1-PgE1054,CREC-2016-07-07,2016-07-07,,8003,1930,SPEAKING,H,114,P000594,"Paulsen, Erik",MN,R,"Paulsen, Erik",,Mr. PAULSEN,Erik Paulsen
CREC-2016-07-07-pt1-PgE1054-2,CREC-2016-07-07,2016-07-07,,,2199,SPEAKING,H,114,J000296,"Jolly, David W.",FL,R,"Jolly, David W.",Mr. David Jolly,Mr. JOLLY,David W. Jolly
CREC-2016-07-07-pt1-PgE1054-4,CREC-2016-07-07,2016-07-07,,7858,1641,SPEAKING,H,114,D000598,"Davis, Susan A.",CA,D,"Davis, Susan A.",Susan Davis,Mrs. DAVIS of California,Susan A. Davis
CREC-2016-07-07-pt1-PgE1054-3,CREC-2016-07-07,2016-07-07,,8102,1664,SPEAKING,H,114,T000462,"Tiberi, Patrick J.",OH,R,"Tiberi, Patrick J.",Patrick Tiberi,Mr. TIBERI,Patrick J. Tiberi
CREC-2016-07-07-pt1-PgE1054-5,CREC-2016-07-07,2016-07-07,,8196,2069,SPEAKING,H,114,H001060,"Hurt, Robert",VA,R,"Hurt, Robert",,Mr. HURT of Virginia,Robert Hurt
CREC-2016-07-07-pt1-PgE1054-6,CREC-2016-07-07,2016-07-07,,,2295,SPEAKING,H,114,L000585,"LaHood, Darin",IL,R,"LaHood, Darin",,Mr. LaHOOD,Darin LaHood
CREC-2016-07-07-pt1-PgE1054-7,CREC-2016-07-07,2016-07-07,,,2199,SPEAKING,H,114,J000296,"Jolly, David W.",FL,R,"Jolly, David W.",Mr. David Jolly,Mr. JOLLY,David W. Jolly
CREC-2016-07-07-pt1-PgE1055,CREC-2016-07-07,2016-07-07,,,2251,SPEAKING,H,114,D000624,"Dingell, Debbie",MI,D,"Dingell, Debbie",,Mrs. DINGELL,Debbie Dingell
CREC-2016-07-07-pt1-PgE1055-2,CREC-2016-07-07,2016-07-07,,8102,1664,SPEAKING,H,114,T000462,"Tiberi, Patrick J.",OH,R,"Tiberi, Patrick J.",Patrick Tiberi,Mr. TIBERI,Patrick J. Tiberi
CREC-2016-07-07-pt1-PgE1055-3,CREC-2016-07-07,2016-07-07,,7864,1912,SPEAKING,H,114,C001077,"Coffman, Mike",CO,R,"Coffman, Mike",,Mr. COFFMAN,Mike Coffman
CREC-2016-07-07-pt1-PgE1055-5,CREC-2016-07-07,2016-07-07,,8025,2036,SPEAKING,H,114,E000291,"Ellmers, Renee L.",NC,R,"Ellmers, Renee L.",Mrs. Renee Ellmers,Mrs. ELLMERS of North Carolina,Renee L. Ellmers
CREC-2016-07-07-pt1-PgE1056-2,CREC-2016-07-07,2016-07-07,,8099,616,SPEAKING,H,114,K000009,"Kaptur, Marcy",OH,D,"Kaptur, Marcy",,Ms. KAPTUR,Marcy Kaptur
CREC-2016-07-07-pt1-PgE1056,CREC-2016-07-07,2016-07-07,,,2199,SPEAKING,H,114,J000296,"Jolly, David W.",FL,R,"Jolly, David W.",Mr. David Jolly,Mr. JOLLY,David W. Jolly
CREC-2016-07-07-pt1-PgE1056-4,CREC-2016-07-07,2016-07-06,,7895,511,SPEAKING,H,114,H000324,"Hastings, Alcee L.",FL,D,"Hastings, Alcee L.",Alcee Hastings,Mr. HASTINGS,Alcee L. Hastings
CREC-2016-07-07-pt1-PgE1056-3,CREC-2016-07-07,2016-07-07,,8102,1664,SPEAKING,H,114,T000462,"Tiberi, Patrick J.",OH,R,"Tiberi, Patrick J.",Patrick Tiberi,Mr. TIBERI,Patrick J. Tiberi
CREC-2016-07-07-pt1-PgE1057,CREC-2016-07-07,2016-07-07,,8003,1930,SPEAKING,H,114,P000594,"Paulsen, Erik",MN,R,"Paulsen, Erik",,Mr. PAULSEN,Erik Paulsen
CREC-2016-07-07-pt1-PgE1056-5,CREC-2016-07-07,2016-07-07,,,2243,SPEAKING,H,114,B001295,"Bost, Mike",IL,R,"Bost, Mike",,Mr. BOST,Mike Bost
CREC-2016-07-07-pt1-PgE1055-4,CREC-2016-07-07,2016-07-07,,,2294,SPEAKING,H,114,K000388,"Kelly, Trent",MS,R,"Kelly, Trent",,Mr. KELLY of Mississippi,Trent Kelly
CREC-2016-07-07-pt1-PgE1057-3,CREC-2016-07-07,2016-07-07,,8367,2092,SPEAKING,H,114,B001278,"Bonamici, Suzanne",OR,D,"Bonamici, Suzanne",,Ms. BONAMICI,Suzanne Bonamici
CREC-2016-07-07-pt1-PgE1057-4,CREC-2016-07-07,2016-07-07,,8102,1664,SPEAKING,H,114,T000462,"Tiberi, Patrick J.",OH,R,"Tiberi, Patrick J.",Patrick Tiberi,Mr. TIBERI,Patrick J. Tiberi
CREC-2016-07-07-pt1-PgE1057-5,CREC-2016-07-07,2016-07-07,,7968,1504,SPEAKING,H,114,M000312,"McGovern, James P.",MA,D,"McGovern, James P.",James Mcgovern,Mr. McGOVERN,James P. McGovern
CREC-2016-07-07-pt1-PgE1058,CREC-2016-07-07,2016-07-07,,8076,944,SPEAKING,H,114,R000053,"Rangel, Charles B.",NY,D,"Rangel, Charles B.",Charles Rangel,Mr. RANGEL,Charles B. Rangel
CREC-2016-07-07-pt1-PgE1058-2,CREC-2016-07-07,2016-07-07,,7865,1835,SPEAKING,H,114,P000593,"Perlmutter, Ed",CO,D,"Perlmutter, Ed",,Mr. PERLMUTTER,Ed Perlmutter
CREC-2016-07-07-pt1-PgE1058-3,CREC-2016-07-07,2016-07-06,,8089,1069,SPEAKING,H,114,S000480,"Slaughter, Louise McIntosh",NY,D,"Slaughter, Louise McIntosh",Louise Slaughter,Ms. SLAUGHTER,Louise McIntosh Slaughter
CREC-2016-07-07-pt1-PgE1059,CREC-2016-07-07,2016-07-07,,,2199,SPEAKING,H,114,J000296,"Jolly, David W.",FL,R,"Jolly, David W.",Mr. David Jolly,Mr. JOLLY,David W. Jolly
CREC-2016-07-07-pt1-PgE1059-3,CREC-2016-07-07,2016-07-07,,8142,1688,SPEAKING,H,114,W000795,"Wilson, Joe",SC,R,"Wilson, Joe",,Mr. WILSON of South Carolina,Joe Wilson
CREC-2016-07-07-pt1-PgE1059-4,CREC-2016-07-07,2016-07-07,,7983,1729,SPEAKING,H,114,V000128,"Van Hollen, Chris",MD,D,"Van Hollen, Chris",,Mr. VAN HOLLEN,Chris Van Hollen
CREC-2016-07-07-pt1-PgE1057-2,CREC-2016-07-07,2016-07-07,,,2199,SPEAKING,H,114,J000296,"Jolly, David W.",FL,R,"Jolly, David W.",Mr. David Jolly,Mr. JOLLY,David W. Jolly
CREC-2016-07-07-pt1-PgE1059-5,CREC-2016-07-07,2016-07-07,,7802,1994,SPEAKING,H,114,S001183,"Schweikert, David",AZ,R,"Schweikert, David",,Mr. SCHWEIKERT,David Schweikert
CREC-2016-07-07-pt1-PgE1059-6,CREC-2016-07-07,2016-07-07,,7865,1835,SPEAKING,H,114,P000593,"Perlmutter, Ed",CO,D,"Perlmutter, Ed",,Mr. PERLMUTTER,Ed Perlmutter
CREC-2016-07-07-pt1-PgE1060,CREC-2016-07-07,2016-07-07,,8003,1930,SPEAKING,H,114,P000594,"Paulsen, Erik",MN,R,"Paulsen, Erik",,Mr. PAULSEN,Erik Paulsen
CREC-2016-07-07-pt1-PgE1060-2,CREC-2016-07-07,2016-07-07,,8102,1664,SPEAKING,H,114,T000462,"Tiberi, Patrick J.",OH,R,"Tiberi, Patrick J.",Patrick Tiberi,Mr. TIBERI,Patrick J. Tiberi
CREC-2016-07-07-pt1-PgE1060-4,CREC-2016-07-07,2016-07-07,,7355,1888,SPEAKING,H,114,F000454,"Foster, Bill",IL,D,"Foster, Bill",,Mr. FOSTER,Bill Foster
CREC-2016-07-07-pt1-PgE1059-2,CREC-2016-07-07,2016-07-07,,8102,1664,SPEAKING,H,114,T000462,"Tiberi, Patrick J.",OH,R,"Tiberi, Patrick J.",Patrick Tiberi,Mr. TIBERI,Patrick J. Tiberi
CREC-2016-07-07-pt1-PgE1060-5,CREC-2016-07-07,2016-07-07,,8003,1930,SPEAKING,H,114,P000594,"Paulsen, Erik",MN,R,"Paulsen, Erik",,Mr. PAULSEN,Erik Paulsen
CREC-2016-07-07-pt1-PgE1060-3,CREC-2016-07-07,2016-07-07,,,2199,SPEAKING,H,114,J000296,"Jolly, David W.",FL,R,"Jolly, David W.",Mr. David Jolly,Mr. JOLLY,David W. Jolly
CREC-2016-07-07-pt1-PgE1060-6,CREC-2016-07-07,2016-07-07,,7865,1835,SPEAKING,H,114,P000593,"Perlmutter, Ed",CO,D,"Perlmutter, Ed",,Mr. PERLMUTTER,Ed Perlmutter
CREC-2016-07-07-pt1-PgE1060-7,CREC-2016-07-07,2016-07-07,,,2199,SPEAKING,H,114,J000296,"Jolly, David W.",FL,R,"Jolly, David W.",Mr. David Jolly,Mr. JOLLY,David W. Jolly
CREC-2016-07-07-pt1-PgE1061,CREC-2016-07-07,2016-07-07,,7864,1912,SPEAKING,H,114,C001077,"Coffman, Mike",CO,R,"Coffman, Mike",,Mr. COFFMAN,Mike Coffman
CREC-2016-07-07-pt1-PgE1061-2,CREC-2016-07-07,2016-07-07,,7975,2025,SPEAKING,H,114,K000375,"Keating, William R.",MA,D,"Keating, William R.",Mr. William Keating,Mr. KEATING,William R. Keating
CREC-2016-07-07-pt1-PgE1061-4,CREC-2016-07-07,2016-07-07,,7828,1471,SPEAKING,H,114,C001036,"Capps, Lois",CA,D,"Capps, Lois",,Mrs. CAPPS,Lois Capps
CREC-2016-07-07-pt1-PgE1061-3,CREC-2016-07-07,2016-07-07,,8102,1664,SPEAKING,H,114,T000462,"Tiberi, Patrick J.",OH,R,"Tiberi, Patrick J.",Patrick Tiberi,Mr. TIBERI,Patrick J. Tiberi
CREC-2016-07-07-pt1-PgE1062,CREC-2016-07-07,2016-07-07,,,2240,SPEAKING,H,114,T000473,"Takai, Mark",HI,D,"Takai, Mark",,Mr. TAKAI,Mark Takai
CREC-2016-07-07-pt1-PgE1062-2,CREC-2016-07-07,2016-07-07,,,2199,SPEAKING,H,114,J000296,"Jolly, David W.",FL,R,"Jolly, David W.",Mr. David Jolly,Mr. JOLLY,David W. Jolly
CREC-2016-07-07-pt1-PgE1062-3,CREC-2016-07-07,2016-07-07,,8003,1930,SPEAKING,H,114,P000594,"Paulsen, Erik",MN,R,"Paulsen, Erik",,Mr. PAULSEN,Erik Paulsen
CREC-2016-07-07-pt1-PgE1062-4,CREC-2016-07-07,2016-07-07,,7871,868,SPEAKING,H,114,N000147,"Norton, Eleanor Holmes",DC,D,"Norton, Eleanor Holmes",Eleanor Norton,Ms. NORTON,Eleanor Holmes Norton
CREC-2016-07-07-pt1-PgE1062-5,CREC-2016-07-07,2016-07-07,,8076,944,SPEAKING,H,114,R000053,"Rangel, Charles B.",NY,D,"Rangel, Charles B.",Charles Rangel,Mr. RANGEL,Charles B. Rangel
CREC-2016-07-07-pt1-PgE1063-2,CREC-2016-07-07,2016-07-07,,,2263,SPEAKING,H,114,S001196,"Stefanik, Elise M.",NY,R,"Stefanik, Elise M.",Ms. Elise Stefanik,Ms. STEFANIK,Elise M. Stefanik
CREC-2016-07-07-pt1-PgE1063,CREC-2016-07-07,2016-07-07,,8102,1664,SPEAKING,H,114,T000462,"Tiberi, Patrick J.",OH,R,"Tiberi, Patrick J.",Patrick Tiberi,Mr. TIBERI,Patrick J. Tiberi
CREC-2016-07-07-pt1-PgE1063-3,CREC-2016-07-07,2016-07-07,,,2199,SPEAKING,H,114,J000296,"Jolly, David W.",FL,R,"Jolly, David W.",Mr. David Jolly,Mr. JOLLY,David W. Jolly
CREC-2016-07-07-pt1-PgE1063-4,CREC-2016-07-07,2016-07-07,,,2264,SPEAKING,H,114,K000386,"Katko, John",NY,R,"Katko, John",,Mr. KATKO,John Katko
CREC-2016-07-07-pt1-PgE1063-6,CREC-2016-07-07,2016-07-07,,8058,1939,SPEAKING,H,114,L000570,"Lujan, Ben Ray",NM,D,"Lujan, Ben Ray",Mr. Ben Lujan,Mr. BEN RAY LUJAN of New Mexico,Ben Ray Lujan
CREC-2016-07-07-pt1-PgE1064,CREC-2016-07-07,2016-07-07,,8003,1930,SPEAKING,H,114,P000594,"Paulsen, Erik",MN,R,"Paulsen, Erik",,Mr. PAULSEN,Erik Paulsen
CREC-2016-07-07-pt1-PgD757,CREC-2016-07-07,2016-07-07,,,,,,,,,,,,,,
CREC-2016-07-07-pt1-PgE1064-2,CREC-2016-07-07,2016-07-07,,,2264,SPEAKING,H,114,K000386,"Katko, John",NY,R,"Katko, John",,Mr. KATKO,John Katko
CREC-2016-07-07-pt1-PgE1063-5,CREC-2016-07-07,2016-07-07,,8200,2070,SPEAKING,H,114,G000568,"Griffith, H. Morgan",VA,R,"Griffith, H. Morgan",,Mr. GRIFFITH,H. Morgan Griffith
CREC-2016-07-07-pt1-PgD758,CREC-2016-07-07,2016-07-07,,,,,,,,,,,,,,
CREC-2016-07-07-pt1-PgD759,CREC-2016-07-07,2016-07-07,,,,,,,,,,,,,,
CREC-2016-07-07-pt1-PgD761,CREC-2016-07-07,2016-07-07,,,,,,,,,,,,,,
CREC-2016-07-07-pt1-PgD763-3,CREC-2016-07-07,2016-07-07,,,,,,,,,,,,,,
CREC-2016-07-07-pt1-PgD763,CREC-2016-07-07,2016-07-07,,,,,,,,,,,,,,
CREC-2016-07-07-pt1-PgD763-2,CREC-2016-07-07,2016-07-07,,,,,,,,,,,,,,
