term,estimate,std_error,z_value,p_value,odds_ratio,ci_lower,ci_upper,model
Intercept,-0.6477721381991552,0.009454086539494934,-68.51768655734784,0.0,0.523210119120699,-0.6663018073232903,-0.6292424690750202,Empty Model A
Intercept,-0.6477721381991552,0.009454086539494934,-68.51768655734784,0.0,0.523210119120699,-0.6663018073232903,-0.6292424690750202,Empty Model A
Intercept,-0.8222337252061034,0.0493660052681374,-16.65586917029324,2.743295949551469e-62,0.4394489491732024,-0.9189893175922672,-0.7254781328199396,Model A2 (Full)
"C(level1_chamber_x, Treatment('House of Representatives'))[T.Senate]",0.46775262293106007,0.03124100603301137,14.97239309248879,1.1124509359086356e-50,1.5964024404801958,0.40652137626555923,0.5289838695965609,Model A2 (Full)
"C(level1_partyHistory, Treatment('Democrat'))[T.Independent]",0.3296877009984926,0.15532614041451362,2.122551298311193,0.03379146970962007,1.390533798330096,0.025254059928434547,0.6341213420685506,Model A2 (Full)
"C(level1_partyHistory, Treatment('Democrat'))[T.Republican]",0.2689848707924306,0.03184189578938403,8.447514324260466,2.9757036301174774e-17,1.3086353422809711,0.2065759018457603,0.3313938397391009,Model A2 (Full)
"C(level1_MSHIP_STATUS11, Treatment('Association of Institutions'))[T.Association of Individuals]",0.31719460989344767,0.03926652521158679,8.077990303044428,6.584284093692364e-16,1.3732697978112418,0.24023363468070352,0.3941555851061918,Model A2 (Full)
"C(level1_MSHIP_STATUS11, Treatment('Association of Institutions'))[T.Other]",0.10814351598855342,0.07039255366545474,1.5362919848385188,0.12446678441277718,1.1142076405234222,-0.029823353975540853,0.24611038595264767,Model A2 (Full)
"C(level1_ABBREVCAT, Treatment('Business Interests'))[T.Government Interests]",0.1510882191802882,0.10226169097618745,1.4774664660637231,0.1395506408796251,1.16309926121939,-0.04934101213120384,0.35151745049178024,Model A2 (Full)
"C(level1_ABBREVCAT, Treatment('Business Interests'))[T.Non-Business Interests]",-0.114670098135676,0.051670615620109626,-2.2192516338250803,0.026469610070447198,0.8916602557708602,-0.2159426438101036,-0.01339755246124838,Model A2 (Full)
Intercept,-0.6477721381991552,0.009454086539494934,-68.51768655734784,0.0,0.523210119120699,-0.6663018073232903,-0.6292424690750202,Empty Model B
Intercept,-0.7662196300534448,0.030815412729202473,-24.864818030729495,1.7880553168687214e-136,0.4647667416780731,-0.8266167291714188,-0.7058225309354709,Model B1 (Politician Chars)
"C(level1_chamber_x, Treatment('House of Representatives'))[T.Senate]",0.44657650175710173,0.031018840236127786,14.396943868873988,5.408262935273143e-47,1.5629522515760155,0.38578069205208937,0.5073723114621141,Model B1 (Politician Chars)
"C(level1_partyHistory, Treatment('Democrat'))[T.Independent]",0.2506600768685471,0.15499202653742356,1.6172449800701458,0.10582541054642998,1.2848732519513628,-0.05311871303567939,0.5544388667727735,Model B1 (Politician Chars)
"C(level1_partyHistory, Treatment('Democrat'))[T.Republican]",0.2016894291667691,0.03265793424876963,6.1758171117136,6.582214715838949e-10,1.2234679756322875,0.13768105422970348,0.2656978041038347,Model B1 (Politician Chars)
level1_bills_sponsored,0.02418373882064294,0.002833105810438891,8.53612270023071,1.3880096275146203e-17,1.024478537076683,0.01863095346779155,0.029736524173494327,Model B1 (Politician Chars)
Intercept,-0.9121492399631643,0.050502194888606335,-18.0615761745625,6.396969712775103e-73,0.40166003189599886,-1.0111317230850556,-0.813166756841273,Model B2 (Full)
"C(level1_chamber_x, Treatment('House of Representatives'))[T.Senate]",0.473209020570479,0.03132940664941234,15.10430841751531,1.5168953755432204e-51,1.605136854535841,0.4118045118806211,0.5346135292603369,Model B2 (Full)
"C(level1_partyHistory, Treatment('Democrat'))[T.Independent]",0.28721686167244753,0.1555108408305397,1.846925012677592,0.06475800904727448,1.3327131965525638,-0.017578785560951216,0.5920125089058463,Model B2 (Full)
"C(level1_partyHistory, Treatment('Democrat'))[T.Republican]",0.20621190101032832,0.032794528211959564,6.287997182869264,3.2158774675215735e-10,1.229013605629393,0.14193580682490484,0.27048799519575184,Model B2 (Full)
"C(level1_MSHIP_STATUS11, Treatment('Association of Institutions'))[T.Association of Individuals]",0.32908859140428515,0.03938634238208352,8.355398635695211,6.52121115371669e-17,1.3897009656943689,0.25189277885263794,0.40628440395593235,Model B2 (Full)
"C(level1_MSHIP_STATUS11, Treatment('Association of Institutions'))[T.Other]",0.12584562189941673,0.07060664944497425,1.7823480208828175,0.07469249629466121,1.13410707347211,-0.01254086808177779,0.26423211188061124,Model B2 (Full)
"C(level1_ABBREVCAT, Treatment('Business Interests'))[T.Government Interests]",0.15730982889044792,0.1024639868481611,1.535269451534826,0.12471765468394999,1.1703581685058426,-0.04351589504433362,0.35813555282522946,Model B2 (Full)
"C(level1_ABBREVCAT, Treatment('Business Interests'))[T.Non-Business Interests]",-0.0938302730949283,0.05184950926112544,-1.8096655963006045,0.07034766078016556,0.910437274828843,-0.19545344386281016,0.007792897672953561,Model B2 (Full)
level1_bills_sponsored,0.025401591020421985,0.0028422599106918234,8.937110545333303,3.9947868109207413e-19,1.0257269605600294,0.01983086396076398,0.03097231808007999,Model B2 (Full)
Intercept,-0.6477721381991552,0.009454086539494934,-68.51768655734784,0.0,0.523210119120699,-0.6663018073232903,-0.6292424690750202,Empty Model C
Intercept,-0.8010130662213548,0.02690235162045729,-29.77483446511205,8.274096215734603e-195,0.44887399461742544,-0.8537407064968838,-0.7482854259458258,Model C1 (Org Chars)
level1_YEARS_EXISTED,-0.003288910843194829,0.0002920175850611731,-11.262715026240128,2.0048514919990034e-29,0.9967164916996223,-0.00386125479276709,-0.002716566893622568,Model C1 (Org Chars)
level1_OUTSIDE11,0.11186421298762213,0.021848339416227984,5.1200327336792615,3.054826275377419e-07,1.1183609914365584,0.06904225460980841,0.15468617136543583,Model C1 (Org Chars)
unique_issue_areas,0.08608888450199972,0.0029327186127840067,29.354635022511154,2.0852420892023813e-189,1.0899031995030066,0.0803408616441528,0.09183690735984665,Model C1 (Org Chars)
Intercept,-0.7483982296841015,0.06728959183671515,-11.122050368505189,9.799365401809211e-29,0.47312378175499714,-0.8802834062184637,-0.6165130531497394,Model C2 (Full)
"C(level1_chamber_x, Treatment('House of Representatives'))[T.Senate]",0.46734349783356505,0.03389742225258868,13.786992248293302,3.0522255490818743e-43,1.595749445763465,0.4009057710497446,0.5337812246173854,Model C2 (Full)
"C(level1_partyHistory, Treatment('Democrat'))[T.Independent]",0.27011093776750195,0.1666819188793146,1.620517327755716,0.10512119517956993,1.3101097833262063,-0.05657962010998158,0.5968014956449854,Model C2 (Full)
"C(level1_partyHistory, Treatment('Democrat'))[T.Republican]",0.25050930834549284,0.03443504605308413,7.27483587387438,3.4684188007684563e-13,1.2846795481114421,0.1830178582754698,0.3180007584155159,Model C2 (Full)
"C(level1_MSHIP_STATUS11, Treatment('Association of Institutions'))[T.Association of Individuals]",0.2922105294687965,0.0467844725747469,6.245887008813358,4.214017364632877e-10,1.339384967964646,0.20051464818659068,0.3839064107510023,Model C2 (Full)
"C(level1_MSHIP_STATUS11, Treatment('Association of Institutions'))[T.Other]",0.21168007154044444,0.08100219032453106,2.6132635511750886,0.008968211526654639,1.2357524694455773,0.05291869583550474,0.37044144724538414,Model C2 (Full)
"C(level1_ABBREVCAT, Treatment('Business Interests'))[T.Government Interests]",0.1482588305132285,0.10536616772494925,1.4070819288051497,0.15940309604476288,1.1598130525241455,-0.05825506341667869,0.3547727244431357,Model C2 (Full)
"C(level1_ABBREVCAT, Treatment('Business Interests'))[T.Non-Business Interests]",-0.1296948421715922,0.058245190571268465,-2.226704744195117,0.02596701315920638,0.8783634295042491,-0.24385331796395032,-0.015536366379234057,Model C2 (Full)
level1_YEARS_EXISTED,-0.006441327195270751,0.0005044495930866444,-12.769020499862684,2.4420821265245646e-37,0.9935793736818587,-0.00743003022973646,-0.0054526241608050426,Model C2 (Full)
level1_OUTSIDE11,0.1108681141479429,0.036892658319286266,3.0051538489972325,0.002654465453459049,1.1172475479925716,0.03855983254819982,0.18317639574768596,Model C2 (Full)
unique_issue_areas,0.07918191198516995,0.004680230316155302,16.918379360914873,3.2936957358897816e-64,1.0824012059141246,0.07000882912615305,0.08835499484418685,Model C2 (Full)
